Категория;Отрасль;Таджикский;Русский (черновик);Исправление;Таблицы
заголовок;Демография и труд;Дурнамои нишондиҳандаҳои соҳаи шуғл барои солҳои 2027-2029;Прогноз показателей сферы занятости на 2027-2029 годы;;Ҷадвали 27
заголовок;Демография и труд;Дурнамои нишондиҳандаҳои соҳаи меҳнат барои солҳои 2027-2029;Прогноз показателей сферы труда на 2027-2029 годы;;Ҷадвали 25
заголовок;Демография и труд;). Дурнамои иншоотҳои сохташаванда (ҳамагӣ) барои солҳои 2027-2029 (Аз ҳисоби маблағҳои аҳолӣ);Прогноз строительных работ (всего) на 2027-2029 годы (за счет средств населения);;Ҷадвали 14А
заголовок;Макроэкономика (сводная);Дурнамои нишондиҳандаҳои асосии макроиқтисодии Ҷумҳурии Тоҷикистон барои солҳои 2027-2029;Прогноз показателей основной макроэкономики Республики Таджикистан на 2027-2029 годы;;Ҷадвали 1
заголовок;Промышленность;Дурнамои таъсиси корхонаҳои нави истеҳсолии саноатӣ дар солҳои 2027-2029;Перспектива создания новых промышленных предприятий в 2027-2029 годах;;Ҷадвали 5
заголовок;Промышленность;Дурнамои нишондиҳандаҳои рушди ҳаҷми истеҳсоли намудҳои асосии маҳсулоти саноатӣ барои солҳои 2027-2029;Прогноз показателей объема производства основных видов промышленной продукции на 2027-2029 годы;;Ҷадвали 4
заголовок;Промышленность;Дурнамои нишондиҳандаҳои зерсоҳаҳои саноат аз рӯи минтақаҳо барои солҳои 2027-2029;прогноз показателей подотраслей промышленности по регионам на 2027-2029 годы;;Ҷадвали 3
заголовок;Промышленность;Дурнамои нишондиҳандаҳои рушди ҳаҷми истеҳсоли маҳсулоти соҳаҳои саноатии Ҷумҳурии Тоҷикистон барои солҳои 2027-2029;Прогноз показателей роста объема производства продукции отраслей промышленности Республики Таджикистан на 2027-2029 годы;;Ҷадвали 2
заголовок;Прочее;Нишондиҳандаҳои дурнамои рушди бозори истеъмолӣ барои солҳои 2027-2029;Показатели прогноза развития потребительского рынка на 2027-2029 годы;;Ҷадвали 17
заголовок;Прочее;Нишондиҳандаҳои дурнамои рушди истеҳсол дар минтақаҳои озоди иқтисодӣ (МОИ) барои солҳои 2027-2029;Показатели прогноза развития производства в свободных экономических зонах (ОАО) на 2027-2029 годы;;Ҷадвали 37
заголовок;Прочее;Нишондиҳандаҳои дурнамои рушди минтақаҳои озоди иқтисодӣ (МОИ) барои солҳои 2027-2029;Показатели прогноза развития свободных экономических зон (СЭЗ) на 2027-2029 годы;;Ҷадвали 36
заголовок;Прочее;Дурнамои нишондиҳандаҳои соҳаи ҳифзи муҳити зист барои солҳои 2027-2029;Прогноз показателей в сфере охраны окружающей среды на 2027-2029 годы;;Ҷадвали 9
заголовок;Прочее;Дурнамои нишондиҳандаҳои корҳои геологӣ-иктишофӣ барои солҳои 2027-2029;Прогноз показателей геологоразведочных работ на 2027-2029 годы;;Ҷадвали 8
заголовок;Прочее;Дурнамои нишондиҳандаҳои соҳаи тандурустӣ барои солҳои 2027-2029;Прогноз показателей здравоохранения на 2027-2029 годы;;Ҷадвали 24
заголовок;Прочее;Дурнамои нишондиҳандаҳои соҳаи фарҳанг барои солҳои 2027-2029;Прогноз показателей культуры на 2027-2029 годы;;Ҷадвали 26
заголовок;Прочее;Дурнамои нишондиҳандаҳои тайёр намудани кадрҳои дорои маълумоти олӣ, миёнаю ибтидоии касбӣ барои солҳои 2027-2029;Прогноз показателей подготовки кадров с высшим, средним и начальным профессиональным образованием на 2027-2029 годы;;Ҷадвали 20
заголовок;Прочее;Дурнамои нишондиҳандаҳои тайёр кардани кадрҳои илмию педагогӣ (магистрантура, аспирантура ва докторантура) барои солҳои 2027-2029;Прогноз показателей подготовки научно-педагогических кадров (магистратура, аспирантура и докторантура) на 2027-2029 годы;;Ҷадвали 22
заголовок;Прочее;Дурнамои нишондиҳандаҳои тайёркунии касбӣ, азнавтайёркунӣ, такмили ихтисос ва таҷрибаомӯзии хизматчиёни давлатӣ барои солҳои 2027-2029;Прогноз показателей профессиональной подготовки, переподготовки, повышения квалификации и стажировки государственных служащих на 2027-2029 годы;;Ҷадвали 31
заголовок;Прочее;Дурнамои нишондиҳандаҳои рушди соҳаи хоҷагии роҳҳо барои солҳои 2027-2029;Прогноз показателей развития дорожного хозяйства на 2027-2029 годы;;Ҷадвали 16
заголовок;Прочее;Дурнамои нишондиҳандаҳои рушди соҳаи маориф барои солҳои 2027-2029;Прогноз показателей развития образования на 2027-2029 годы;;Ҷадвали 23
заголовок;Прочее;Дурнамои нишондиҳандаҳои соҳаи илму техника барои солҳои 2027-2029;Прогноз показателей сферы науки и техники на 2027-2029 годы;;Ҷадвали 21
заголовок;Прочее;Дурнамои нишондиҳандаҳои соҳаи таъбу нашр барои солҳои 2027-2029;Прогноз показателей сферы печати для 2027-2029 годов;;Ҷадвали 30
заголовок;Прочее;Дурнамои нишондиҳандаҳои соҳаи телевизион, радиошунавонӣ ва информатика барои солҳои 2027-2029;Прогноз показателей телевизионной, радиовещательной и информационной сферы на 2027-2029 годы;;Ҷадвали 29
заголовок;Прочее;Дурнамои хусусигардонии объектҳои моликияти давлатӣ ва рушди соҳибкорӣ барои солҳои 2027-2029;Прогноз приватизации государственных объектов и развития предпринимательства на 2027-2029 годы;;Ҷадвали 33
заголовок;Прочее;Дурнамои иншоотҳои сохташаванда (ҳамагӣ) барои солҳои 2027-2029;Прогноз строительных работ (всего) на 2027-2029 годы;;Ҷадвали 14
заголовок;Сельское хозяйство;Нишондиҳандаҳои дурнамои истеҳсоли маҳсулоти асосии кишоварзӣ дар ҳамаи шаклҳои хоҷагидорӣ аз рӯи минтақаҳо барои солҳои 2027-2029;Показатели прогноза производства основных сельскохозяйственных продуктов во всех формах хозяйствования по регионам на 2027-2029 годы;;Ҷадвали 11
заголовок;Сельское хозяйство;). Нишондиҳандаҳои дурнамои соҳаи кишоварзӣ барои солҳои 2027-2029 (Хоҷагиҳои ҷамоавӣ);Показатели прогноза сельскохозяйственной отрасли на 2027-2029 годы (колхозы);;Ҷадвали 10А
заголовок;Сельское хозяйство;). Нишондиҳандаҳои дурнамои соҳаи кишоварзӣ барои солҳои 2027-2029 (Хоҷагиҳои аҳолӣ);Показатели прогноза сельскохозяйственной отрасли на 2027-2029 годы. Личные подсобные хозяйства;;Ҷадвали 10В
заголовок;Сельское хозяйство;). Нишондиҳандаҳои дурнамои соҳаи кишоварзӣ барои солҳои 2027-2029 Хоҷагиҳои деҳқонӣ(фермерӣ);Показатели прогноза сельскохозяйственной отрасли на 2027-2029 годы. Фермерские хозяйства;;Ҷадвали 10Б
заголовок;Сельское хозяйство;Дурнамои нишондиҳандаҳои соҳаи кишоварзӣ барои солҳои 2027-2029 (Аз ҳисоби ҳамаи шаклҳои хоҷагидорӣ);Прогноз показателей сельского хозяйства на 2027-2029 годы (по всем формам хозяйствования);;Ҷадвали 10
заголовок;Торговля и услуги;Нишондиҳандаҳои дурнамои рушди гардиши савдои хориҷӣ барои солҳои 2027-2029;Показатели прогноза развития внешнего товарооборота на 2027-2029 годы;;Ҷадвали 18
заголовок;Торговля и услуги;Нишондиҳандаҳои дурнамои рушди хизматрасонӣ дар минтақаҳои озоди иқтисодӣ (МОИ) барои солҳои 2027-2029;Показатели прогноза развития услуг в свободных экономических зонах (ОАО) на 2027-2029 годы;;Ҷадвали 38
заголовок;Торговля и услуги;Нишондиҳандаҳои дурнамои молу маҳсулоти содиротии субъектҳои Минтақаҳои Озоди Иқтисодӣ (МОИ) барои солҳои 2027-2029;Показатели прогноза товаров и продукции, экспортируемых субъектами Свободных Экономических Зон (СЭЗ) на 2027-2029 годы;;Ҷадвали 39
заголовок;Торговля и услуги;Дурнамои ҳаҷми истеҳсолот ва хизматрасонӣ, инчунин ҳиссаи онҳо дар иқтисодиёти рақамӣ (ИР) 2027-2029;Прогноз объема производства и услуг, а также их доли в цифровой экономике (ЦЭ) 2027-2029;;Ҷадвали 35
заголовок;Торговля и услуги;Дурнамои нишондиҳандаҳои рушди молҳои асосии содиротиву воридотӣ барои солҳои 2027-2029;Прогноз показателей развития основных экспортных и импортных товаров на 2027-2029 годы;;Ҷадвали 19
заголовок;Торговля и услуги;Дурнамои нишондиҳандаҳои рушди соҳаи туризм барои солҳои 2027-2029;Прогноз показателей развития туристической сферы на 2027-2029 годы;;Ҷадвали 32
заголовок;Торговля и услуги;Афзоиши миёнаи тарифҳои хизматрасонии субъектҳои монополияҳои табиӣ барои солҳои 2027-2029;Среднегодовой рост тарифов на услуги субъектов естественных монополий за 2027-2029 годы;;Ҷадвали 34
заголовок;Транспорт и связь;Дурнамои нишондиҳандаҳои рушди соҳаи алоқа барои солҳои 2027-2029;Прогноз показателей развития сферы связи на 2027-2029 годы;;Ҷадвали 28
заголовок;Транспорт и связь;Дурнамои нишондиҳандаҳои рушди соҳаи нақлиёт барои солҳои 2027-2029;Прогноз показателей развития транспортного комплекса на 2027-2029 годы;;Ҷадвали 15
заголовок;Финансы, инвестиции, налоги;Дурнамои нишондиҳандаҳои ҳаҷми сармоягузориҳо ва ба истифода додани иқтидорҳо дар Ҷумҳурии Тоҷикистон барои солҳои 2027-2029;Прогноз показателей объема инвестиций и использования мощностей в Республике Таджикистан на 2027-2029 годы;;Ҷадвали 12
заголовок;Финансы, инвестиции, налоги;Дурнамои ҷалби сармояи хориҷӣ барои солҳои 2027-2029 (соҳавӣ ва минтақавӣ);Прогноз привлечения иностранного капитала на 2027-2029 годы (отраслевой и региональный);;Ҷадвали 13
заголовок;Финансы, инвестиции, налоги;). Дурнамои ҷалби сармояи хориҷӣ (қарз ва грант) барои солҳои 2027-2029 (соҳавӣ ва минтақавӣ);Прогноз привлечения иностранных инвестиций (кредитов и грантов) на 2027-2029 годы (отраслевой и региональный);;Ҷадвали 13Б
заголовок;Финансы, инвестиции, налоги;). Дурнамои ҷалби сармояи мустақими хориҷӣ барои солҳои 2027-2029 (соҳавӣ ва минтақавӣ);Прогноз привлечения иностранных прямых инвестиций на 2027-2029 годы (отраслевой и региональный);;Ҷадвали 13А
заголовок;Энергетика;Дурнамои нишондиҳандаҳои рушди соҳаи энергетика барои солҳои 2027-2029;Прогноз показателей развития энергетического сектора на 2027-2029 годы;;Ҷадвали 6
заголовок;Энергетика: нефть и газ;Дурнамои нишондиҳандаҳои рушди соҳаи нафту газ барои солҳои 2027-2029;Прогноз показателей развития нефтяной и газовой отрасли на 2027-2029 годы;;Ҷадвали 7
группа;Демография и труд;дар со ҳа ҳои ғайриисте ҳсолӣ:;в отраслях нематериального производства:;;Ҷадвали 25
группа;Демография и труд;аз ҷумла аз ҳисоби:;в том числе за счет:;;Ҷадвали 27
группа;Демография и труд;аз ҷумла шумораи му ҳоҷирони меҳнатӣ;в том числе количество мигрантов;;Ҷадвали 25
группа;Демография и труд;аз ҷумла:;в том числе:;;Ҷадвали 27, Ҷадвали 33
группа;Демография и труд;Аҳолии ба кор машғул:;Население, занятое в экономике:;;Ҷадвали 25
группа;Демография и труд;Таъминот барои 10 ҳазор аҳолӣ:;Обеспеченность на 10 тыс. населения:;;Ҷадвали 24
группа;Промышленность;аз он ҷумла:;в том числе;;Ҷадвали 2, Ҷадвали 5, Ҷадвали 6, Ҷадвали 8, Ҷадвали 15, Ҷадвали 17, Ҷадвали 21, Ҷадвали 25, Ҷадвали 33
группа;Промышленность;ҳамагӣ;всего;;Ҷадвали 5
группа;Промышленность;аз он:;из них;;Ҷадвали 2
группа;Промышленность;Аз он:;Из них;;Ҷадвали 2
группа;Промышленность;аз он дар соҳаи саноат:;из них в сфере промышленности;;Ҷадвали 5
группа;Прочее;аз ҷумла духтурон;в том числе врачей;;Ҷадвали 24
группа;Прочее;аз ҷумла аз рӯи соҳаҳо:;в том числе по отраслям:;;Ҷадвали 33
группа;Прочее;аз ҷумла, театрҳои касбӣ;в том числе профессиональные театры;;Ҷадвали 26
группа;Прочее;аз ҷумла: ҷумҳуриявӣ;в том числе республиканские;;Ҷадвали 26
группа;Прочее;аз ҷумла, ҷумҳуриявӣ (соат);в том числе республиканского (часов);;Ҷадвали 29
группа;Прочее;аз ҷумла: - духтарон;в том числе: - девушки;;Ҷадвали 20
группа;Прочее;аз ҷумла: синфхонаи иловагӣ;в том числе: внеклассные комнаты;;Ҷадвали 23
группа;Прочее;аз ҷумла: хусусӣ;в том числе: частные;;Ҷадвали 23
группа;Прочее;Обтаъминкунӣ – ҳамагӣ км: аз ҷумла:;Водоснабжение – всего км: в том числе;;Ҷадвали 9
группа;Прочее;аз он дар:;из них в:;;Ҷадвали 16
группа;Прочее;Аз дарозии умумии роҳҳо:;Из общей длины дорог:;;Ҷадвали 16
группа;Прочее;Таъмин будан:;Обеспеченность:;;Ҷадвали 23
группа;Сельское хозяйство;аз ҷумла обӣ;в том числе орошаемые;;Ҷадвали 10
группа;Сельское хозяйство;аз ҷумла, гандум;в том числе, пшеница;;Ҷадвали 10А, Ҷадвали 10Б, Ҷадвали 10В
группа;Сельское хозяйство;аз ҷумла: тухмакдор;в том числе: картофель;;Ҷадвали 10А, Ҷадвали 10Б, Ҷадвали 10В
группа;Сельское хозяйство;аз ҷумла: гӯшти мурғ;в том числе: птицеводство;;Ҷадвали 10А, Ҷадвали 10Б, Ҷадвали 10В
группа;Торговля и услуги;Аз љумла:;В том числе;;Ҷадвали 37, Ҷадвали 39
группа;Торговля и услуги;аз ҷумла барои аҳолӣ;в том числе для населения;;Ҷадвали 34
группа;Торговля и услуги;аз ҷумла:- барои аҳолӣ;в том числе: - для населения;;Ҷадвали 34
группа;Торговля и услуги;аз ҷумла: бензин;в том числе: бензин;;Ҷадвали 19
группа;Торговля и услуги;аз ҷумла: меваи хушк;в том числе: сухие фрукты;;Ҷадвали 19
группа;Финансы, инвестиции, налоги;аз ҷумла аз ҳисоби буҷет;в том числе за счет бюджета;;Ҷадвали 20
группа;Финансы, инвестиции, налоги;аз ҷумла, аз ҳисоби буҷет;в том числе за счет бюджета;;Ҷадвали 20
группа;Финансы, инвестиции, налоги;аз ҷумла аз ҳисоби буҷети давлатӣ;в том числе за счет государственного бюджета;;Ҷадвали 20
группа;Финансы, инвестиции, налоги;аз ҷумла, аз ҳисоби маблағҳои буҷети давлатӣ(ҳазор сомонї);в том числе, за счет средств государственного бюджета (тыс. сомони);;Ҷадвали 21
группа;Финансы, инвестиции, налоги;аз ҷумла: аз ҳисоби буҷет;в том числе: за счет бюджета;;Ҷадвали 22
единица;Демография и труд;ҳазор сомонӣ;тыс. сомони;;Ҷадвали 8, Ҷадвали 14, Ҷадвали 14А, Ҷадвали 17, Ҷадвали 21, Ҷадвали 35
единица;Макроэкономика (сводная);млн. сомонӣ;млн сомони;;Ҷадвали 1, Ҷадвали 6
единица;Макроэкономика (сводная);ҳазор доллар;тыс. долларов;;Ҷадвали 1, Ҷадвали 13, Ҷадвали 13А, Ҷадвали 13Б
единица;Макроэкономика (сводная);ҳазор тонна;тыс. тонн;;Ҷадвали 1, Ҷадвали 11, Ҷадвали 19
единица;Макроэкономика (сводная);ҳазор нафар;тыс. человек;;Ҷадвали 1, Ҷадвали 20, Ҷадвали 25, Ҷадвали 27
единица;Промышленность;адад;единиц;;Ҷадвали 4, Ҷадвали 5
единица;Промышленность;км;км;;Ҷадвали 4
единица;Промышленность;метр;метр;;Ҷадвали 4
единица;Промышленность;млн сомонӣ;млн сомони;;Ҷадвали 2
единица;Промышленность;млн.сом.;млн сомони;;Ҷадвали 4
единица;Промышленность;млн. сом;млн сомони;;Ҷадвали 4
единица;Промышленность;млн. д.х.ш.;млн. д.х.ш.;;Ҷадвали 4
единица;Промышленность;млн.мет. мураббаъ;млн. кв. метров;;Ҷадвали 4
единица;Промышленность;млн. дона;млн. штук;;Ҷадвали 4
единица;Промышленность;млн.дона;млн. штук;;Ҷадвали 4
единица;Промышленность;млн.қ.ш.;млн.кв.ш;;Ҷадвали 4
единица;Промышленность;млн.км;млн.км;;Ҷадвали 4
единица;Промышленность;тонна;тонна;;Ҷадвали 4
единица;Промышленность;ҳаз.дона;тыс. единиц;;Ҷадвали 4
единица;Промышленность;ҳаз.мет. мураббаъ;тыс. кв.м;;Ҷадвали 4
единица;Промышленность;ҳаз.мет. мукааб;тыс. кв.м;;Ҷадвали 4
единица;Промышленность;ҳаз. м2;тыс. м2;;Ҷадвали 4
единица;Промышленность;ҳаз.ҷуфт;тыс. пар;;Ҷадвали 4
единица;Промышленность;ҳаз. ҷуфт;тыс. пар;;Ҷадвали 4
единица;Промышленность;ҳаз.сом;тыс. сомони;;Ҷадвали 4
единица;Промышленность;ҳаз.тонна;тыс. тонн;;Ҷадвали 4
единица;Промышленность;ҳаз. тонна;тыс. тонн;;Ҷадвали 4
единица;Промышленность;ҳаз.тахтаи шартӣ;тыс. условных плит;;Ҷадвали 4
единица;Промышленность;ҳаз. дона;тыс. штук;;Ҷадвали 4
единица;Промышленность;ҳаз. дона (комплект);тыс. штук (комплектов);;Ҷадвали 4
единица;Промышленность;ҳаз.дал;тыс.дал;;Ҷадвали 4
единица;Прочее;нафар;человек;;Ҷадвали 22, Ҷадвали 23, Ҷадвали 31
единица;Торговля и услуги;дона;единиц;;Ҷадвали 19
единица;Торговля и услуги;млн доллар;млн долларов;;Ҷадвали 19
единица;Торговля и услуги;млн.кВт/с;млн кВт·ч;;Ҷадвали 19
единица;Торговля и услуги;млн. доллар;млн. долларов;;Ҷадвали 18, Ҷадвали 19
единица;Торговля и услуги;ҳазор метри мукааб;тыс. квадратных метров;;Ҷадвали 19
единица;Торговля и услуги;ҳазор ҷуфт;тыс. пар;;Ҷадвали 19
показатель;Демография и труд;дар бахши воқеӣ;в реальном секторе;;Ҷадвали 25
показатель;Демография и труд;дар бахши хусусӣ (бо назардошти хоҷагии шахсӣ);в частном секторе (с учетом личного подсобного хозяйства);;Ҷадвали 25
показатель;Демография и труд;ҷойҳои кории мавсимӣ;временные рабочие места;;Ҷадвали 27
показатель;Демография и труд;ҷойҳои кори муваққатӣ;временных рабочих мест;;Ҷадвали 27
показатель;Демография и труд;мақомоти давлатӣ ва мудофиа: суғуртаи ҳатми иҷтимоӣ;государственные органы и оборона: обязательное социальное страхование;;Ҷадвали 25
показатель;Демография и труд;ҷойҳои кори иловагӣ ва барқароршуда;дополнительные и восстановленные рабочие места;;Ҷадвали 27
показатель;Демография и труд;дигар хизмат ҳои коммуналӣ, иҷтимоӣ ва шахсӣ;другие коммунальные, социальные и личные услуги;;Ҷадвали 25
показатель;Демография и труд;дигар со ҳа ҳои исте ҳсолӣ;другие отрасли материального производства;;Ҷадвали 25
показатель;Демография и труд;мо ҳипарварӣ;животноводство;;Ҷадвали 25
показатель;Демография и труд;тандурустӣ ва хизматҳои иҷтимоӣ;здравоохранение и социальные услуги;;Ҷадвали 25
показатель;Демография и труд;ташкилоту мақомоти хориҷӣ дар ҳудуди ҷумҳурӣ фаъолиятдошта;иностранные организации и органы, действующие на территории республики;;Ҷадвали 25
показатель;Демография и труд;Шумораи кормандон аз рӯи фаъолият– ҳамагӣ;Количество занятых по видам деятельности – всего;;Ҷадвали 25
показатель;Демография и труд;бахши коллективӣ;коллективный сектор;;Ҷадвали 25
показатель;Демография и труд;Шахсони ба фаъолияти меҳнатӣ машғулнабуда;Лица, занятые в трудовой деятельности;;Ҷадвали 25
показатель;Демография и труд;дар корхонаю ташкилоти бахши давлатӣ;на государственных предприятиях и в организациях;;Ҷадвали 25
показатель;Демография и труд;дар корхонаю ташкилот ҳо бо шакл ҳои гуногуни моликият;на предприятиях и в организациях с различными формами собственности;;Ҷадвали 25
показатель;Демография и труд;маориф;образование;;Ҷадвали 25
показатель;Демография и труд;амалиёт бо амволи ғайриманқул, иҷора ва фаъолияти тиҷоратӣ;операции с недвижимостью, аренда и торговая деятельность;;Ҷадвали 25
показатель;Демография и труд;ме ҳмонхона ҳо ва тарабхона ҳо;отели и рестораны;;Ҷадвали 25
показатель;Демография и труд;ҷойҳои кори доимӣ;постоянных рабочих мест;;Ҷадвали 27
показатель;Демография и труд;у;Прогноз строительных работ (всего) на 2027-2029 годы (за счет средств государственного бюджета и внебюджетных источников);;Ҷадвали 14А
показатель;Демография и труд;саноат;промышленность;;Ҷадвали 25, Ҷадвали 33
показатель;Демография и труд;бахши воқеӣ;реального сектора;;Ҷадвали 27
показатель;Демография и труд;кишоварзӣ, шикор ва ҷангалпарварӣ;сельское хозяйство, охота и лесное хозяйство;;Ҷадвали 25
показатель;Демография и труд;Ташкили ҷойҳои нави корӣ - ҳамагӣ (ҷои корӣ);Создание новых рабочих мест - всего (рабочее место);;Ҷадвали 27
показатель;Демография и труд;сохтмон;строительство;;Ҷадвали 25, Ҷадвали 33
показатель;Демография и труд;бахши хизматрасонӣ;сфера услуг;;Ҷадвали 25, Ҷадвали 27
показатель;Демография и труд;савдо, хӯроки умумӣ, таъминоти моддию техникӣ;торговля, общее питание, материально-техническое снабжение;;Ҷадвали 25
показатель;Демография и труд;нақлиёту алоқа;транспорт и связь;;Ҷадвали 25
показатель;Демография и труд;Захираҳои меҳнатӣ;Трудовые ресурсы;;Ҷадвали 25
показатель;Макроэкономика (сводная);дар меҳмонхонаҳо;в гостиницах;;Ҷадвали 1
показатель;Макроэкономика (сводная);саноати истихроҷи маъдан;добывающая промышленность;;Ҷадвали 1, Ҷадвали 5
показатель;Макроэкономика (сводная);чорводорӣ;животноводство;;Ҷадвали 1
показатель;Макроэкономика (сводная);воридот;импорт;;Ҷадвали 1, Ҷадвали 18
показатель;Макроэкономика (сводная);Маблағгузорӣ ба сармояи асосӣ;инвестиции в основной капитал;;Ҷадвали 1
показатель;Макроэкономика (сводная);аҳолии шаҳр ва ҷамоатҳои шаҳрак;население городов и поселков городского типа;;Ҷадвали 1
показатель;Макроэкономика (сводная);аҳолии ҷамоатҳои деҳот;население сельских поселений;;Ҷадвали 1
показатель;Макроэкономика (сводная);саноати коркард;обрабатывающая промышленность;;Ҷадвали 1, Ҷадвали 5
показатель;Макроэкономика (сводная);Ҳаҷми умумии гардиши савдои хориҷӣ;Общий объем внешнего товарооборота;;Ҷадвали 1
показатель;Макроэкономика (сводная);ҳачми умумии гардиши савдои дохилӣ дар хама соҳаҳо;общий объем внутреннего товарооборота во всех секторах;;Ҷадвали 1
показатель;Макроэкономика (сводная);Маҷмӯи маҳсулоти кишоварзӣ;Общий объем сельскохозяйственной продукции;;Ҷадвали 1
показатель;Макроэкономика (сводная);Ҳаҷми боркашонӣ;Объем грузоперевозок;;Ҷадвали 1
показатель;Макроэкономика (сводная);Ҳаҷми мусофиркашонӣ;Объем пассажирских перевозок;;Ҷадвали 1
показатель;Макроэкономика (сводная);ҳачми хизматрасонихои пулакӣ дар хамаи соҳаҳо;объем платных услуг во всех секторах;;Ҷадвали 1
показатель;Макроэкономика (сводная);Ҳаҷми истеҳсоли маҳсулоти саноатӣ;Объем производства промышленной продукции;;Ҷадвали 1
показатель;Макроэкономика (сводная);ҳаҷми хизматрасонии меҳмонхонаҳо ва тарабхонаҳо;объем услуг гостиниц и ресторанов;;Ҷадвали 1
показатель;Макроэкономика (сводная);хизматрасонии пулакӣ ба аҳолӣ;платные услуги населению;;Ҷадвали 1, Ҷадвали 17
показатель;Макроэкономика (сводная);таъминоти об, тозакунӣ, коркарди партовҳо ва дастрасии коркарди дуюмдараҷа;производство и распределение воды, очистка сточных вод и канализационных отходов;;Ҷадвали 1
показатель;Макроэкономика (сводная);таъминоти нерӯи барқ газ, буғ ва тозакунии ҳаво;производство и распределение электроэнергии, газа, пара и горячей воды;;Ҷадвали 1
показатель;Макроэкономика (сводная);растанипарварӣ;растениеводство;;Ҷадвали 1
показатель;Макроэкономика (сводная);гардиши савдои чакана, таъмири автомобилҳо ва мототсиклҳо;розничный товарооборот, ремонт автомобилей и мотоциклов;;Ҷадвали 1
показатель;Макроэкономика (сводная);моҳидорӣ;рыбоводство;;Ҷадвали 1
показатель;Макроэкономика (сводная);Шумораи аҳолии доимӣ (бо ҳисоби миёнаи солона);Численность постоянного населения (с учетом среднегодовой численности);;Ҷадвали 1
показатель;Макроэкономика (сводная);содирот;экспорт;;Ҷадвали 1
показатель;Промышленность;Автобусҳо;Автобусы;;Ҷадвали 4
показатель;Промышленность;Маҳлул барои беҳдошти шахсӣ(антисептик);Антисептические средства для личной гигиены;;Ҷадвали 4
показатель;Промышленность;Оҳану бетони васлшаванда;Армированный бетон;;Ҷадвали 4
показатель;Промышленность;Тахтаҳои асбестӣ (шифер);Асбесто-цементные листы (шифер);;Ҷадвали 4
показатель;Промышленность;Асфалт;Асфалт;;Ҷадвали 4
показатель;Промышленность;Нӯшокиҳои беспирт;Безалкогольные напитки;;Ҷадвали 4
показатель;Промышленность;Бензин;Бензин;;Ҷадвали 4
показатель;Промышленность;Битум;Битум;;Ҷадвали 4
показатель;Промышленность;аз он ҷумла: -дар НБО-и хурд;в том числе: - на малых ГЭС;;Ҷадвали 5
показатель;Промышленность;ноҳияи Варзоб;Варзобский район;;Ҷадвали 3, Ҷадвали 11
показатель;Промышленность;Шароби ангурӣ;Вино виноградное;;Ҷадвали 4
показатель;Промышленность;Арақ ва маҳсулоти ликёру арақ;Водка и ликероводочные изделия;;Ҷадвали 4
показатель;Промышленность;Оби ҷав;Газированная вода;;Ҷадвали 4
показатель;Промышленность;шаҳри Ваҳдат;город Вахдат;;Ҷадвали 3, Ҷадвали 11
показатель;Промышленность;шаҳри Душанбе;город Душанбе;;Ҷадвали 3, Ҷадвали 11
показатель;Промышленность;шаҳри Роғун;город Рогун;;Ҷадвали 3, Ҷадвали 11
показатель;Промышленность;шаҳри Турсунзода;город Турсунзода;;Ҷадвали 3, Ҷадвали 11
показатель;Промышленность;шаҳри ҳисор;город Хисар;;Ҷадвали 3, Ҷадвали 11
показатель;Промышленность;Матоъҳои тайёри пахтагин;Готовые хлопчатобумажные изделия;;Ҷадвали 4
показатель;Промышленность;Пойафзоли бачагона;Детские изделия;;Ҷадвали 4
показатель;Промышленность;Сӯзишвории дизелӣ;Дизельное топливо;;Ҷадвали 4
показатель;Промышленность;Саноати истихроҷи маъдан (С);Добывающая промышленность (С);;Ҷадвали 2
показатель;Промышленность;истихроҷи дигар канданиҳои фоиданок (С14);добыча других полезных ископаемых (С14);;Ҷадвали 2
показатель;Промышленность;истихрочи маъдани филизӣ (С13);добыча металлических руд (С13);;Ҷадвали 2
показатель;Промышленность;истихроҷи нафти хом ва гази табиӣ (С11);добыча нефти и природного газа (С11);;Ҷадвали 2
показатель;Промышленность;истихроҷи маводҳои ғайриэнергетикӣ (СВ);добыча неэнергетических ресурсов (СВ);;Ҷадвали 2
показатель;Промышленность;истихроҷи ангиштсанг ва бур (С10);добыча угля и бурого угля (С10);;Ҷадвали 2
показатель;Промышленность;истихроҷи маводҳои энергетикӣ (СА);добыча энергетических ресурсов (СА);;Ҷадвали 2
показатель;Промышленность;Дигар соҳаҳои саноат (DN);другие отрасли промышленности;;Ҷадвали 2
показатель;Промышленность;Дигар истеҳсолот, таъмир ва насби мошин ва таҷҳизотҳо (СМ(31+32+33));другое производство, ремонт и монтаж машин и оборудования;;Ҷадвали 2
показатель;Промышленность;Маснуот аз пластикаи филизӣ;Изготовление пластмасс;;Ҷадвали 4
показатель;Промышленность;Маснуоти ҷӯробу пайпоқ;Изделия из чулка и трикотажа;;Ҷадвали 4
показатель;Промышленность;Матоъи абрешими надофӣ;Искусственный шелк;;Ҷадвали 4
показатель;Промышленность;Маснуоти кабелӣ (сими печӣ);Кабельная продукция (провод);;Ҷадвали 4
показатель;Промышленность;Маснуоти кабелӣ (симҳои луч);Кабельная продукция (световые провода);;Ҷадвали 4
показатель;Промышленность;Хишти бинокорӣ;Кирпич строительный;;Ҷадвали 4
показатель;Промышленность;Каогулянт;Коагулянт;;Ҷадвали 4
показатель;Промышленность;қолин ва маснуоти қолин;Ковры и ковровые изделия;;Ҷадвали 4
показатель;Промышленность;Регу сангмайда;Кокс и каменный уголь;;Ҷадвали 4
показатель;Промышленность;Маснуоти қаннодӣ;Кондитерские изделия;;Ҷадвали 4
показатель;Промышленность;Консерваҳои меваю сабзавот;Консервы фруктов и овощей;;Ҷадвали 4
показатель;Промышленность;Консентрати мис;Концентрат меди;;Ҷадвали 4
показатель;Промышленность;Консентрати руҳ;Концентрат ртути;;Ҷадвали 4
показатель;Промышленность;Консентрати сурб;Концентрат свинца;;Ҷадвали 4
показатель;Промышленность;Консентрати нуқра;Концентрат серебра;;Ҷадвали 4
показатель;Промышленность;Консентрати сурма;Концентрат сурмы;;Ҷадвали 4
показатель;Промышленность;Коняк;Коньяк;;Ҷадвали 4
показатель;Промышленность;Криолит;Криолит;;Ҷадвали 4
показатель;Промышленность;Орд;Кукуруза;;Ҷадвали 4, Ҷадвали 19
показатель;Промышленность;ноҳияи Лахш;Лахский район;;Ҷадвали 3, Ҷадвали 11
показатель;Промышленность;Маҳсулоти доруворӣ;Лекарственные средства;;Ҷадвали 4
показатель;Промышленность;Мазут;Мазут;;Ҷадвали 4
показатель;Промышленность;Майонез;Майонез;;Ҷадвали 4
показатель;Промышленность;Маснуоти макаронӣ;Макаронные изделия;;Ҷадвали 4
показатель;Промышленность;Маргарин;Маргарин;;Ҷадвали 4
показатель;Промышленность;Равғани маска;Масло подсолнечное;;Ҷадвали 4
показатель;Промышленность;Панири равғанӣ;Масляный сыр;;Ҷадвали 4
показатель;Промышленность;Мошинсозӣ;машиностроение;;Ҷадвали 2
показатель;Промышленность;Мебел;Мебель;;Ҷадвали 4
показатель;Промышленность;Ниқоби муҳофизатии таббӣ;Медицинские маски;;Ҷадвали 4
показатель;Промышленность;Дастпушакҳои тиббӣ;Медицинские маски;;Ҷадвали 4
показатель;Промышленность;Докаи тиббӣ;Медицинские перчатки;;Ҷадвали 4
показатель;Промышленность;истеҳсоли металлургӣ;металлургия;;Ҷадвали 2
показатель;Промышленность;Истеҳсоли металлургӣ ва истеҳсоли маснуоти тайёри филизӣ (DJ);металлургия и производство готовых металлических изделий (DJ);;Ҷадвали 2
показатель;Промышленность;Оби маъданӣ;Минеральная вода;;Ҷадвали 4
показатель;Промышленность;Вазорати саноат ва техналогияҳои нави ҶТ;Министерство промышленности и новых технологий Таджикистана;;Ҷадвали 8
показатель;Промышленность;Маҳсулоти шири холис;Молочные продукты;;Ҷадвали 4
показатель;Промышленность;Кабелҳои қуввагӣ барои шиддатнокии то 1 квт (км);Мощные кабели для напряжения до 1 кВ (км);;Ҷадвали 4
показатель;Промышленность;Трансформаторҳои қуввагӣ;Мощные трансформаторы;;Ҷадвали 4
показатель;Промышленность;Тахтасангҳои мармарӣ;Мраморные плитки;;Ҷадвали 4
показатель;Промышленность;Гӯшт ва калапочаи навъи якум;Мясо и колбасные изделия высшего сорта;;Ҷадвали 4
показатель;Промышленность;Матоъи нобофта;Не тканые материалы;;Ҷадвали 4
показатель;Промышленность;Нафт;Нефть;;Ҷадвали 4
показатель;Промышленность;ноҳияи Нуробод;Нурободский район;;Ҷадвали 3, Ҷадвали 11
показатель;Промышленность;Саноати коркард (D);Обрабатывающая промышленность (D);;Ҷадвали 2
показатель;Промышленность;Коркарди чӯбу тахта ва истеҳсолоти маснуот аз чӯб (DD);обработка дерева и производство деревянных изделий (DD);;Ҷадвали 2
показатель;Промышленность;Ҳаҷми истеҳсоли маҳсулот саноатӣ;Объем производства промышленной продукции;;Ҷадвали 2
показатель;Промышленность;Алюминийи аввалия;Первичный алюминий;;Ҷадвали 4
показатель;Промышленность;Плитаҳои тарабхонаҳо;Плитки для полов;;Ҷадвали 4
показатель;Промышленность;Саноати фаъолияти табъу нашр (D22);полиграфическая деятельность (D22);;Ҷадвали 2
показатель;Промышленность;Эзоҳ: ҷадвали мазкур аз рӯи номгӯи молу маҳсулоти истеҳсолшавандаи ҷадвали 4 ва дигар молу маҳсулоте, ки дар минтақаҳо истеҳсол карда мешавад, пур карда шавад.;Примечание: таблица должна быть заполнена по наименованию продукции, производимой в соответствии с таблицей 4 и другими продуктами, производимыми в регионах.;;Ҷадвали 3
показатель;Промышленность;Гази табиӣ;Природный газ;;Ҷадвали 4
показатель;Промышленность;Симҳои печӣ;Провод;;Ҷадвали 4
показатель;Промышленность;Маҳсулоти ҳасиб;Продукты hesap;;Ҷадвали 4
показатель;Промышленность;истеҳсоли автомобил (СL29);производство автомобилей;;Ҷадвали 2
показатель;Промышленность;истеҳсоли маснуоти тайёри филизӣ;производство готовых металлических изделий;;Ҷадвали 2
показатель;Промышленность;истеҳсоли дигар намуди нақлиёт (СL30);производство других видов транспортных средств;;Ҷадвали 2
показатель;Промышленность;истеҳсоли дигар маҳсулотҳо (СМ32);производство других продуктов;;Ҷадвали 2
показатель;Промышленность;Таъминоти об, тозакунӣ, коркарди партовҳо ва дастрасии коркарди дуюминдараҷа;производство и распределение воды, очистка сточных вод, утилизация отходов и повторная переработка;;Ҷадвали 2
показатель;Промышленность;Таъминоти об, тозакунӣ, коркарди партовҳо ва дастрасии коркарди дуюминдараҷа (Е(36+37+38+39));производство и распределение воды, очистка сточных вод, утилизация отходов и повторная переработка;;Ҷадвали 2
показатель;Промышленность;Таъминоти нерӯи барқ, газ, буғ ва тозакунии ҳаво;производство и распределение электроэнергии, газа, пара и кондиционирования воздуха;;Ҷадвали 2
показатель;Промышленность;Таъминоти нерӯи барқ, газ, буғ ва тозакунии ҳаво (D35);производство и распределение электроэнергии, газа, пара и кондиционирования воздуха;;Ҷадвали 2
показатель;Промышленность;истеҳсоли мошинолот ва таҷҳизот (DK);производство машин и оборудования;;Ҷадвали 2
показатель;Промышленность;истеҳсоли мошинолот ва таҷҳизот, ба дигар гӯрӯхбандиҳо дохил нашуда(СK28);производство машин и оборудования, не включенных в другие категории;;Ҷадвали 2
показатель;Промышленность;истеҳсоли мебел (СМ31);производство мебели;;Ҷадвали 2
показатель;Промышленность;Истеҳсоли ҳаргуна маҳсулоти ғайрифилизии маъданӣ (DI);производство нефилизных минеральных продуктов (DI);;Ҷадвали 2
показатель;Промышленность;истеҳсоли маҳсулоти хӯрока, аз он ҷумла нӯшокиҳо (D15);производство пищевых продуктов, в том числе напитков (D15);;Ҷадвали 2
показатель;Промышленность;истеҳсоли маводи хӯрока, якҷо бо нӯшокиҳо ва тамоку;производство пищевых продуктов, включая напитки и табачные изделия;;Ҷадвали 5
показатель;Промышленность;истеҳсоли маводи хӯрока, якҷоя бо нӯшокиҳо ватамоку (DА);производство пищевых продуктов, включая напитки и табачные изделия (DА);;Ҷадвали 2
показатель;Промышленность;Истеҳсоли маснуоти резинӣ ва пластмассӣ (DH);производство резиновых и пластмассовых изделий (DH);;Ҷадвали 2
показатель;Промышленность;истеҳсоли маводи сохтмонӣ;производство строительных материалов;;Ҷадвали 5
показатель;Промышленность;истеҳсоли маснуоти тамоку (D16);производство табачных изделий (D16);;Ҷадвали 2
показатель;Промышленность;истеҳсоли воситаҳои нақлиёт ва дастгоҳҳо (DM);производство транспортных средств и оборудования;;Ҷадвали 2
показатель;Промышленность;истеҳсоли воситаҳои нақлиёт ва дастгоҳҳо (СL(29+30));производство транспортных средств и оборудования;;Ҷадвали 2
показатель;Промышленность;Саноати селулозаю қоғаз (D21);производство целлюлозы и бумаги (D21);;Ҷадвали 2
показатель;Промышленность;истеҳсоли селулоза, қоғаз, фаъолияти табъу нашр (DЕ);производство целлюлозы, бумаги и полиграфическая деятельность (DЕ);;Ҷадвали 2
показатель;Промышленность;истеҳсоли таҷҳизоти барқӣ (DL);производство электрооборудования;;Ҷадвали 2
показатель;Промышленность;истеҳсоли таҷҳизоти барқӣ (СJ27);производство электрооборудования;;Ҷадвали 2
показатель;Промышленность;истеҳсоли нерӯи барқ;производство электроэнергии;;Ҷадвали 5
показатель;Промышленность;Хуроки паранда ва моҳӣ;Птицеводческая и рыбная продукция;;Ҷадвали 4
показатель;Промышленность;Равғани растанӣ;Растительное масло;;Ҷадвали 4
показатель;Промышленность;ноҳияи Рашт;Раштский район;;Ҷадвали 3, Ҷадвали 11
показатель;Промышленность;Пойафзоли резини;Резиновые изделия;;Ҷадвали 4
показатель;Промышленность;таъмир ва насби мошин ва таҷҳизотҳо (СМ33);ремонт и монтаж машин и оборудования;;Ҷадвали 2
показатель;Промышленность;Биринҷ;Рис;;Ҷадвали 4
показатель;Промышленность;ноҳияи Рӯдакӣ;Рудакинский район;;Ҷадвали 3, Ҷадвали 11
показатель;Промышленность;ноҳияи Сангвор;Сангворский район;;Ҷадвали 3, Ҷадвали 11
показатель;Промышленность;Мошинҳои кишоварзӣ;Сельскохозяйственные машины;;Ҷадвали 4
показатель;Промышленность;Папиросу сигаретҳо;Сигареты;;Ҷадвали 4
показатель;Промышленность;Вилояти Суғд;Согдийская область;;Ҷадвали 3
показатель;Промышленность;Намаки ошӣ, истихроҷ ва коркард;Соль, добыча и переработка;;Ҷадвали 4
показатель;Промышленность;Зарфҳои шишагин;Стеклянные контейнеры;;Ҷадвали 4
показатель;Промышленность;Маводи деворбоб;Строительные материалы;;Ҷадвали 4
показатель;Промышленность;Гаҷи сохтмонӣ;Строительный гипс;;Ҷадвали 4
показатель;Промышленность;Оҳаки бинокорӣ;Строительный известняк;;Ҷадвали 4
показатель;Промышленность;Меваи хушк;Сухие фрукты;;Ҷадвали 4
показатель;Промышленность;ноҳияи Тоҷикобод;Таджикободский район;;Ҷадвали 3, Ҷадвали 11
показатель;Промышленность;истеҳсоли нассоҷӣ ва дузандагӣ;текстильное и швейное производство;;Ҷадвали 5
показатель;Промышленность;истеҳсоли нассоҷӣ ва дӯзандагӣ (DВ);текстильное и швейное производство (DВ);;Ҷадвали 2
показатель;Промышленность;истеҳсоли нассоҷӣ (D17);текстильное производство (D17);;Ҷадвали 2
показатель;Промышленность;Матоъи адрас;Ткани хлопчатобумажные;;Ҷадвали 4
показатель;Промышленность;Ангишт;Уголь;;Ҷадвали 4
показатель;Промышленность;Рег;Угольный кокс;;Ҷадвали 4
показатель;Промышленность;ноҳияи Файзобод;Файзабадский район;;Ҷадвали 3, Ҷадвали 11
показатель;Промышленность;Фториди алюминий;Фторид алюминия;;Ҷадвали 4
показатель;Промышленность;Фториди калсий (флюорит);Фторид кальция (флюорит);;Ҷадвали 4
показатель;Промышленность;Вилояти Хатлон;Хатлонская область;;Ҷадвали 3
показатель;Промышленность;Истеҳсоли кимиёвӣ (DG);химическое производство (DG);;Ҷадвали 2
показатель;Промышленность;Нон ва маҳсулоти нонӣ;Хлеб и хлебобулочные изделия;;Ҷадвали 4
показатель;Промышленность;Нахи пахта;Хлопковые волокна;;Ҷадвали 4, Ҷадвали 19
показатель;Промышленность;Чигити пахта;Хлопковые нити;;Ҷадвали 4
показатель;Промышленность;Пахтаи курпабоб;Хлопок-сырец;;Ҷадвали 4
показатель;Промышленность;Калобаи пахтагин;Хлопчатобумажные ткани;;Ҷадвали 4, Ҷадвали 19
показатель;Промышленность;Семент;Цемент;;Ҷадвали 4, Ҷадвали 19
показатель;Промышленность;Хишти сементӣ;Цементный кирпич;;Ҷадвали 4
показатель;Промышленность;ноҳияи Шаҳринав;Шаҳринавский район;;Ҷадвали 3, Ҷадвали 11
показатель;Промышленность;истеҳсоли дӯзандагӣ (D18);швейное производство (D18);;Ҷадвали 2
показатель;Промышленность;Маҳсулоти дӯзандагӣ;Швейные изделия;;Ҷадвали 4
показатель;Промышленность;Ресмони абрешимӣ;Шелковые нити;;Ҷадвали 4
показатель;Промышленность;Матоъи абрешимии тайёр;Шелковые ткани готовые;;Ҷадвали 4
показатель;Промышленность;Пойафзоли чармин;Шерстяные изделия;;Ҷадвали 4
показатель;Промышленность;Либоси мактабӣ;Школьная форма;;Ҷадвали 4
показатель;Промышленность;Спирти этилии хом;Этиловый спирт сырой;;Ҷадвали 4
показатель;Промышленность;Маснуоти заргарӣ;Ювелирные изделия;;Ҷадвали 4
показатель;Прочее;Ранги акрилӣ (тонна);Акриловые краски (тонна);;Ҷадвали 37
показатель;Прочее;Профилҳои алюминӣ (тонна);Алюминиевые профили (тонна);;Ҷадвали 37
показатель;Прочее;бензин;Бензин;;Ҷадвали 37
показатель;Прочее;Мањсулоти бетони (тонна);Бетонные изделия (тонна);;Ҷадвали 37
показатель;Прочее;Китобхонаҳои оммавӣ;Библиотеки;;Ҷадвали 26
показатель;Прочее;бо методи биологӣ;биологическим методом;;Ҷадвали 9
показатель;Прочее;аз он: давлатӣ (адад);в том числе государственных (единиц);;Ҷадвали 29
показатель;Прочее;аз ҳисоби квотаи Президентӣ–ҳамагӣ;в том числе за счет президентской квоты - всего;;Ҷадвали 20
показатель;Прочее;аз он ҷумла, ҷумҳуриявӣ (соат);в том числе республиканских (часов);;Ҷадвали 29
показатель;Прочее;аз он ҷумла: бо болопӯши сахт;в том числе: с твердым покрытием;;Ҷадвали 16
показатель;Прочее;аз онҳо: бо болопӯши мукаммал;в том числе: с усовершенствованным покрытием;;Ҷадвали 16
показатель;Прочее;Иқтидори муассисаҳои амбулаторию дармонгоҳӣ (ҳазор қабул дар як баст);Вместимость амбулаторно-поликлинических учреждений (тыс. приемов в смену);;Ҷадвали 24
показатель;Прочее;татбиқ дар истеҳсолот;внедрение в производство;;Ҷадвали 21
показатель;Прочее;ҳавлигӣ (км);внутриквартальные сети (км);;Ҷадвали 9
показатель;Прочее;бо табибон (нафар табиб);врачами (на человек);;Ҷадвали 24
показатель;Прочее;Ҳамагӣ дар МОИ;Всего в ОАО;;Ҷадвали 36
показатель;Прочее;таҳсилоти дуюми олии касбӣ;второе высшее профессиональное образование;;Ҷадвали 20
показатель;Прочее;Таҳсилоти дуюми олии касбӣ;Второе высшее профессиональное образование;;Ҷадвали 20
показатель;Прочее;Рӯзномаҳо (теъдоди шартии нашри солона 4 варақ бо формати А-2);Газеты (годовой тираж 4 страницы в формате А-2);;Ҷадвали 30
показатель;Прочее;Корҳои ҷустуҷӯию геологӣ -ҳамагӣ;Геологоразведочные работы - всего;;Ҷадвали 8
показатель;Прочее;Зичкунак барои профил (тонна);Герметик для профилей (тонна);;Ҷадвали 37
показатель;Прочее;Саридораи геологияи назди ҲҶТ;Государственный комитет по геологии при Правительстве Таджикистана;;Ҷадвали 8
показатель;Прочее;Маеъи ҳамворкунанда (тонна);Грунтовки (тонна);;Ҷадвали 37
показатель;Прочее;Дару терезаҳои тахтагӣ;Двери и окна деревянные;;Ҷадвали 37
показатель;Прочее;сузишвории дизелӣ;Дизельное топливо;;Ҷадвали 37
показатель;Прочее;Дарозии роҳҳои оҳан – ҳамагӣ: (км);Длина железных дорог – всего: (км);;Ҷадвали 16
показатель;Прочее;докторҳои илм;доктора наук;;Ҷадвали 21
показатель;Прочее;роҳҳои истифодаи умум – ҳамагӣ (км);дороги общего пользования – всего (км);;Ҷадвали 16
показатель;Прочее;Роҳҳо аз рӯи аҳамияташон;Дороги по значению;;Ҷадвали 16
показатель;Прочее;бо муассисаҳои томактабӣба 1000 кӯдакони синни томактабӣ(ҷой);дошкольными учреждениями на 1000 детей дошкольного возраста (мест);;Ҷадвали 23
показатель;Прочее;дигар иншоотҳо;другие объекты;;Ҷадвали 33
показатель;Прочее;Маҷаллаҷо (теъдоди шартии нашри солона 4 варақ бо формати А-2);Журналы (годовой тираж 4 страницы в формате А-2);;Ҷадвали 30
показатель;Прочее;аз ҳисоби шартнома;за счет контракта;;Ҷадвали 20
показатель;Прочее;аз ҳисоби шартномаҳо;за счет контрактов;;Ҷадвали 20
показатель;Прочее;аз ҳисоби корхонаҳо;за счет предприятий;;Ҷадвали 20
показатель;Прочее;аз ҳисоби бурсияҳо (тибқи созишномаҳои байналмилалӣ);за счет стипендий (по международным соглашениям);;Ҷадвали 20
показатель;Прочее;тандурустӣ;здравоохранение;;Ҷадвали 33
показатель;Прочее;аз ҳисоби хоҷагидорӣ амалкунанда (КВД);из них действующих на основе хозяйственного расчета (КВД);;Ҷадвали 24
показатель;Прочее;номзадҳои илм;кандидаты наук;;Ҷадвали 21
показатель;Прочее;Хишт (њаз.дона);Кирпич (тыс. штук);;Ҷадвали 37
показатель;Прочее;Шумораи корҳои илмии татқиқотии амалигардида (адад);Количество выполненных научно-исследовательских работ (единиц);;Ҷадвали 21
показатель;Прочее;Шумораи хатмкунандагон дар зинаи докторантура (анъанавӣ);Количество выпускников в докторантуре (традиционная);;Ҷадвали 22
показатель;Прочее;Шумораи хатмкунандагон дар зинаи докторантура аз рўи ихтисос (PhD);Количество выпускников в докторантуре по специальности (PhD);;Ҷадвали 22
показатель;Прочее;Шумораи хатмкунандагон дар зинаи аспирантура;Количество выпускников на уровне аспирантуры;;Ҷадвали 22
показатель;Прочее;Шумораи хатмкунандагон дар зинаи магистратура;Количество выпускников на уровне магистратуры;;Ҷадвали 22
показатель;Прочее;Шумораи хатмкунандагони муассисаҳои таҳсилоти олии касбӣ;Количество выпускников учреждений высшего профессионального образования;;Ҷадвали 20
показатель;Прочее;Шумораи хатмкунандагони муассисаҳои таҳсилоти олии касбии давлатҳои хориҷӣ;Количество выпускников учреждений высшего профессионального образования иностранных государств;;Ҷадвали 20
показатель;Прочее;Шумораи хатмкунандагони муассисаҳои таҳсилоти ибтидоии касбӣ– ҳамагӣ;Количество выпускников учреждений начального профессионального образования – всего;;Ҷадвали 20
показатель;Прочее;Шумораи хатмкунандагони муассисаҳои таҳсилоти умумӣ– ҳамагӣ(ҳазор нафар);Количество выпускников учреждений общего образования – всего (тыс. человек);;Ҷадвали 23
показатель;Прочее;Шумораи хатмкунандагони муассисаҳои таҳсилоти миёнаи касбӣ– ҳамагӣ;Количество выпускников учреждений среднего профессионального образования - всего;;Ҷадвали 20
показатель;Прочее;Шумораи кӯдакон дар муассисаҳои томактабӣновобаста аз шакли моликият (ҳазор нафар);Количество детей в дошкольных учреждениях в зависимости от формы собственности (тыс. человек);;Ҷадвали 23
показатель;Прочее;Шумораи кӯдакони синни томактабӣ(ҳазор нафар);Количество детей дошкольного возраста (тыс. человек);;Ҷадвали 23
показатель;Прочее;Шумораи кӯдакони синни мактабӣ(ҳазор нафар);Количество детей школьного возраста (тыс. человек);;Ҷадвали 23
показатель;Прочее;Шумораи муассисаҳои томактабӣ(адад);Количество дошкольных учреждений (единиц);;Ҷадвали 23
показатель;Прочее;Шумораи ихтироъот (адад);Количество изобретений (единиц);;Ҷадвали 21
показатель;Прочее;Теъдоди кадрҳо(ҳазор нафар);Количество кадров (тыс. человек);;Ҷадвали 26
показатель;Прочее;Шумораи кати беморхонаҳо (ҳазор кат);Количество коек больниц (тыс. коек);;Ҷадвали 24
показатель;Прочее;Шумораи кормандони тиббӣ(ҳазор нафар);Количество медицинских работников (тыс. человек);;Ҷадвали 24
показатель;Прочее;Миқдори муассисаҳои тиббӣ (воҳид);Количество медицинских учреждений (единиц);;Ҷадвали 24
показатель;Прочее;Миқдори ҷой дар хонаҳои кӯдакон (ҷой);Количество мест в детских домах (мест);;Ҷадвали 24
показатель;Прочее;Миқдори ҷой дар хонаҳои пиронсолон ва маъюбон (ҷой);Количество мест в домах престарелых и инвалидов (мест);;Ҷадвали 24
показатель;Прочее;Миқдори ҷойҳо дар муассисаҳои томактабӣ(ҳазор ҷой);Количество мест в дошкольных учреждениях (тыс. мест);;Ҷадвали 23
показатель;Прочее;Шумораи муассисаҳои илмӣ(адад);Количество научных учреждений (единиц);;Ҷадвали 21
показатель;Прочее;Шумораи соҳибкорони (ҳазор нафар);Количество предпринимателей (тыс. человек);;Ҷадвали 33
показатель;Прочее;Шумораи қабули донишҷӯён ба муассисаҳои таҳсилоти миёнаи касбӣ– ҳамагӣ;Количество приемов студентов в учреждения среднего профессионального образования - всего;;Ҷадвали 20
показатель;Прочее;Шумораи қабули хонандагони муассисаҳои таҳсилоти ибтидоии касбӣ– ҳамагӣ;Количество приемов учащихся в учреждения начального профессионального образования - всего;;Ҷадвали 20
показатель;Прочее;Шумораи корҳои илмии татқиқотии идомаёбанда (адад);Количество продолжающихся научно-исследовательских работ (единиц);;Ҷадвали 21
показатель;Прочее;Микдори ҷойҳои кори дар субъектҳо (адад);Количество рабочих мест в субъектах (единиц);;Ҷадвали 36
показатель;Прочее;Миқдори ҷойҳои кори дар субъектҳо (адад);Количество рабочих мест в субъектах (единиц);;Ҷадвали 36
показатель;Прочее;Миқдори радиотрансляторҳо (воҳид);Количество радиотрансляторов (единиц);;Ҷадвали 29
показатель;Прочее;Шумораи кормандони муассисаҳои илмӣ(ҳазор нафар);Количество сотрудников научных учреждений (тыс. человек);;Ҷадвали 21
показатель;Прочее;Шумораи субъектҳо МОИ (адад);Количество субъектов СЭЗ (единиц);;Ҷадвали 36
показатель;Прочее;Миқдори телетрансляторҳо (воҳид);Количество телетрансляторов (единиц);;Ҷадвали 29
показатель;Прочее;Шумораи хонандагон (нафар);Количество учащихся (человек);;Ҷадвали 26
показатель;Прочее;Шумораи хонандагони муассисаҳои таҳсилоти умумӣ– ҳамагӣ(ҳазор нафар);Количество учащихся учреждений общего образования – всего (тыс. человек);;Ҷадвали 23
показатель;Прочее;Шумораи муаллимони муассисаҳои таҳсилоти умумии рӯзона (ҳазор нафар);Количество учителей учреждений общего образования дневного обучения (тыс. человек);;Ҷадвали 23
показатель;Прочее;Миқдори муассисаҳои оммавӣ – фарҳангӣ (воҳид);Количество учреждений культуры (единиц);;Ҷадвали 26
показатель;Прочее;Шумораи муассисаҳои таҳсилоти умумӣ(адад);Количество учреждений общего образования (единиц);;Ҷадвали 23
показатель;Прочее;Миқдори хонаҳои тиббӣ(воҳид) (бунгоҳҳои тиббӣ);Количество фельдшерско-акушерских пунктов (единиц) (медицинских пунктов);;Ҷадвали 24
показатель;Прочее;Шумораи филиал намояндагиҳои шахсони ҳуқуқии хориҷӣ;Количество филиалов и представительств иностранных юридических лиц;;Ҷадвали 33
показатель;Прочее;Миқдори намоиши барномаҳои телевизионӣ дар як шабонарӯз (соат);Количество часов показа телевизионных программ в сутки (часов);;Ҷадвали 29
показатель;Прочее;Миқдори радиошунавонӣ дар як шабонарӯз (соат);Количество часов радиовещания в сутки (часов);;Ҷадвали 29
показатель;Прочее;Шумораи шахсони ҳуқуқӣ;Количество юридических лиц;;Ҷадвали 33
показатель;Прочее;Ширинињои љуворимака ва офтобпараст (тонна);Конфеты и жевательные массы (тонна);;Ҷадвали 37
показатель;Прочее;бо катҳо дар беморхонаҳо (кат);кроватями в больницах (кровать);;Ҷадвали 24
показатель;Прочее;водопроводҳои магистралӣ (км);магистральные водопроводы (км);;Ҷадвали 9
показатель;Прочее;мазут;Мазут;;Ҷадвали 37
показатель;Прочее;Макарон (тонна);Макароны (тонна);;Ҷадвали 37
показатель;Прочее;корхонаҳои хурд;Малые предприятия;;Ҷадвали 33
показатель;Прочее;писарон;мальчики;;Ҷадвали 20
показатель;Прочее;Мебел (ҳаз.сомонӣ);Мебель (тыс. сомони);;Ҷадвали 37
показатель;Прочее;байналмилалӣ;международные;;Ҷадвали 16
показатель;Прочее;маҳаллӣ;местные;;Ҷадвали 16
показатель;Прочее;Металоконструкция (тонна);Металлоконструкции (тонна);;Ҷадвали 37
показатель;Прочее;Андоваи минералӣ (тонна);Минеральные удобрения (тонна);;Ҷадвали 37
показатель;Прочее;млн. нусха;Млн. экз.;;Ҷадвали 30
показатель;Прочее;МОИ «Данѓара»;МОИ «Дангар»;;Ҷадвали 37
показатель;Прочее;Осорхонаҳо;Музеи;;Ҷадвали 26
показатель;Прочее;Мактабҳои мусиқӣ (воҳид);Музыкальные школы (ед.);;Ҷадвали 26
показатель;Прочее;Номгӯй(адад);Название (ед.);;Ҷадвали 30
показатель;Прочее;Номгӯй (адад);Название (ед.);;Ҷадвали 30
показатель;Прочее;Номгӯи истеҳсоли молу маҳсулот;Наименование выпускаемой продукции;;Ҷадвали 37
показатель;Прочее;таклифҳои навоварӣ;нововведения;;Ҷадвали 21
показатель;Прочее;МОИ«Данғара»;ОАО «Данғара»;;Ҷадвали 36, Ҷадвали 37
показатель;Прочее;МОИ«Ишкошим»;ОАО «Ишкошим»;;Ҷадвали 36, Ҷадвали 37
показатель;Прочее;МОИ«Кўлоб»;ОАО «Кўлоб»;;Ҷадвали 37
показатель;Прочее;МОИ «Панљ»;ОАО «Панҷ»;;Ҷадвали 37
показатель;Прочее;МОИ«Панҷ»;ОАО «Панҷ»;;Ҷадвали 37
показатель;Прочее;Дарозии умумии роҳҳои автомобилгард – ҳамагӣ;Общая длина автомобильных дорог – всего;;Ҷадвали 16
показатель;Прочее;Ҳаҷми умумии ҳудуди обгирӣ аз иншоотҳои табии (млн.куб.м.);Общая площадь орошаемых территорий из природных источников (млн.куб.м);;Ҷадвали 9
показатель;Прочее;Шумораи умумии радиоҳо (адад);Общее количество радиостанций (единиц);;Ҷадвали 29
показатель;Прочее;Шумораи умумии донишҷӯён –муассисаҳои таҳсилоти олӣҳамагӣ;Общее количество студентов учреждений высшего образования - всего;;Ҷадвали 20
показатель;Прочее;Шумораи умумии хонандагони муассисаҳои таҳсилоти ибтидоии касбӣ-ҳамагӣ;Общее количество студентов учреждений начального профессионального образования – всего;;Ҷадвали 20
показатель;Прочее;Шумораи умумии донишҷӯёни муассисаҳои таҳсилоти касбӣ;Общее количество студентов учреждений профессионального образования;;Ҷадвали 20
показатель;Прочее;Шумораи умумии телевизионҳо (адад);Общее количество телевизионных станций (единиц);;Ҷадвали 29
показатель;Прочее;хӯроки умумӣ;общественное питание;;Ҷадвали 33
показатель;Прочее;Ҳаҷми гардиши об ва оби дубора истифодабаранда-ҳамагӣ: (млн.куб.м.);Объем оборота воды и повторного использования воды - всего: (млн.куб.м);;Ҷадвали 9
показатель;Прочее;Ҳаҷми маҳсулоти истеҳсолшуда (млн. сомонӣ);Объем произведенной продукции (млн. сомони);;Ҷадвали 36
показатель;Прочее;Азнавтайёркунии касбии хизматчиёни давлатӣ;Переподготовка государственных служащих;;Ҷадвали 31
показатель;Прочее;Перилањо (мм);Пиломатериалы (мм);;Ҷадвали 37
показатель;Прочее;Маҳсулоти пластикӣ (ҳаз. дона);Пластиковые изделия (тыс. штук);;Ҷадвали 37
показатель;Прочее;Зарфҳои пластикӣ (ҳаз.дона);Пластиковые контейнеры (тыс. штук);;Ҷадвали 37
показатель;Прочее;Профилҳои пластикӣ (ҳаз.метр);Пластиковые профили (тыс. метров);;Ҷадвали 37
показатель;Прочее;қубурњои пластикӣ (мм);Пластиковые трубы (мм);;Ҷадвали 37
показатель;Прочее;Такмили ихтисоси хизматчиёни давлатӣ;Повышение квалификации государственных служащих;;Ҷадвали 31
показатель;Прочее;шартномавӣ;под контракт;;Ҷадвали 22
показатель;Прочее;Халтаҳои полиэтиленӣ (тонна);Полиэтиленовые мешки (тонна);;Ҷадвали 37
показатель;Прочее;Қубурҳои полиэтиленӣ (метр);Полиэтиленовые трубы (метр);;Ҷадвали 37
показатель;Прочее;корхонаҳои миёна ва калон;предприятия среднего и крупного бизнеса;;Ҷадвали 33
показатель;Прочее;Хусусигардонии объектҳои моликияти давлатӣ (адад);Приватизация государственных объектов (ед.);;Ҷадвали 33
показатель;Прочее;Қабул ба аспирантура – ҳамагӣ;Прием в аспирантуру – всего;;Ҷадвали 22
показатель;Прочее;Қабул ба докторантура (анъанавї);Прием в докторантуру (традиционную);;Ҷадвали 22
показатель;Прочее;Қабул ба докторантура PhD;Прием в докторантуру PhD;;Ҷадвали 22
показатель;Прочее;Қабули унвонҷуён;Прием соискателей;;Ҷадвали 22
показатель;Прочее;Қабули донишҷӯён ба муассисаҳои таҳсилоти олии давлатҳои хориҷӣ;Прием студентов в учреждения высшего образования иностранных государств;;Ҷадвали 20
показатель;Прочее;Қабули донишҷӯён ба муассисаҳои таҳсилоти олии касбии ҷумҳурӣаз ҳисоби ҳамаи манбаҳои маблаѓгузорӣ- ҳамагӣ;Прием студентов в учреждения высшего профессионального образования республики - всего по всем источникам финансирования;;Ҷадвали 20
показатель;Прочее;Қабули донишҷӯён дар зинаи магистратура;Прием студентов на уровень магистратуры;;Ҷадвали 22
показатель;Прочее;идомаи таҳсилот (пас аз хатми таҳсилоти миёнаи касбӣ);продолжение образования (после окончания среднего профессионального образования);;Ҷадвали 20
показатель;Прочее;Маҳсулот аз тахта (ҳаз.сомонӣ);Продукция из древесины (тыс сомони);;Ҷадвали 37
показатель;Прочее;Тайёркунии касбии хизматчиёни давлатӣ;Профессиональная подготовка государственных служащих;;Ҷадвали 31
показатель;Прочее;Фоизи фарогирии қаламрави ҷумҳурӣ бо радиошунавонӣ (бо фоиз);Процент покрытия территории республики радиовещанием (в процентах);;Ҷадвали 29
показатель;Прочее;Фоизи фарогирии қаламрави ҷумҳурӣ бо намоишҳои телевизионӣ (бо фоиз);Процент покрытия территории республики телевизионными показами (в процентах);;Ҷадвали 29
показатель;Прочее;Дигар сарчашмаҳо;Прочие источники;;Ҷадвали 8
показатель;Прочее;Рушди соҳибкорӣ;Развитие предпринимательства;;Ҷадвали 33
показатель;Прочее;ноҳияҳои тобеи ҷумҳурӣ;районах республиканского подчинения;;Ҷадвали 16
показатель;Прочее;ҷумҳуриявӣ;республиканские;;Ҷадвали 16
показатель;Прочее;бо шаҳодатнома фаъолиятдошта (ҳазор нафар);с лицензией на деятельность (тыс. человек);;Ҷадвали 33
показатель;Прочее;бо патент фаъолият дошта (ҳазор нафар);с патентом на деятельность (тыс. человек);;Ҷадвали 33
показатель;Прочее;хоҷагии қишлоқ;сельское хозяйство;;Ҷадвали 33
показатель;Прочее;Намаки ошӣ (тонна);Соль поваренная (тонна);;Ҷадвали 37
показатель;Прочее;иншоотҳои иҷтимоӣ;социальные объекты;;Ҷадвали 33
показатель;Прочее;бо кормандони миёнаи тиббӣ (нафар к.м.т.);средними медицинскими работниками (на человека);;Ҷадвали 24
показатель;Прочее;кормандони миёнаи тиббӣ;средних медицинских работников;;Ҷадвали 24
показатель;Прочее;Таҷрибаомӯзии хизматчиёни давлатӣ;Стажировка государственных служащих;;Ҷадвали 31
показатель;Прочее;Омехтаи хушк (тонна);Сухие смеси (тонна);;Ҷадвали 37
показатель;Прочее;МОИ«Суғд»;СЭЗ «Сугд»;;Ҷадвали 36
показатель;Прочее;Театрҳо;Театры;;Ҷадвали 26
показатель;Прочее;бо муассисаҳои амбулаторию дармонгоҳӣ (қабул дар як баст);учреждениями амбулаторно-поликлинической помощи (прием в смену);;Ҷадвали 24
показатель;Прочее;бо муассисаҳои таҳсилоти умумӣбарои 1000 бачагони синни мактабӣ(ҷой);учреждениями общего образования на 1000 детей школьного возраста (мест);;Ҷадвали 23
показатель;Прочее;Писта (тонна);Фисташки (тонна);;Ҷадвали 37
показатель;Прочее;бо методи кимиёвӣ;химическим методом;;Ҷадвали 9
показатель;Прочее;Семент (тонна);Цемент (тонна);;Ҷадвали 37
показатель;Прочее;Марказҳои фарҳангӣ;Центры культуры;;Ҷадвали 26
показатель;Прочее;муассисаҳои амбулаторию дармонгоҳҳои хуссусӣ;частные амбулаторно-поликлинические учреждения;;Ҷадвали 24
показатель;Прочее;клиникаҳои (беморхонаҳои) хусусӣ;частные клиники (больницы);;Ҷадвали 24
показатель;Прочее;хусусӣ;частных;;Ҷадвали 29
показатель;Прочее;Сангу шаѓал (тонна);Щебень и гравий (тонна);;Ҷадвали 37
показатель;Сельское хозяйство;зардолу;абрикосы;;Ҷадвали 10, Ҷадвали 10А, Ҷадвали 10Б, Ҷадвали 10В
показатель;Сельское хозяйство;Амнияти зироатҳои кишоварзӣ аз касалӣ ва ҳашаротҳои зараркунанда –ҳамагӣ : (ҳаз.га);Безопасность сельскохозяйственных культур от болезней и вредных насекомых – всего: (тыс.га);;Ҷадвали 9
показатель;Сельское хозяйство;аз он ҷумла: пиёз;в том числе лук;;Ҷадвали 10, Ҷадвали 10А, Ҷадвали 10Б, Ҷадвали 10В
показатель;Сельское хозяйство;аз он пиёз дар ҷумҳурӣ ҳамагӣ;в том числе лук в республике всего;;Ҷадвали 11
показатель;Сельское хозяйство;аз он модагов;в том числе матки;;Ҷадвали 10А, Ҷадвали 10Б, Ҷадвали 10В
показатель;Сельское хозяйство;аз он ҷумла гандум;в том числе пшеница;;Ҷадвали 10
показатель;Сельское хозяйство;аз он: гандум;в том числе пшеница;;Ҷадвали 10
показатель;Сельское хозяйство;аз он ҷумла: тухмакдор;в том числе семечковые;;Ҷадвали 10, Ҷадвали 10А, Ҷадвали 10Б, Ҷадвали 10В
показатель;Сельское хозяйство;аз он: себ;в том числе яблоки;;Ҷадвали 10, Ҷадвали 10А, Ҷадвали 10Б, Ҷадвали 10В
показатель;Сельское хозяйство;аз он ҷумла: модагов;в том числе: коровы;;Ҷадвали 10
показатель;Сельское хозяйство;аз он ҷумла :пиёз;в том числе: лук;;Ҷадвали 10А, Ҷадвали 10Б, Ҷадвали 10В
показатель;Сельское хозяйство;аз он ҷумла: гӯшти мурғ;в том числе: мясо птицы;;Ҷадвали 10
показатель;Сельское хозяйство;аз он ҷумла: обӣ;в том числе: орошаемые;;Ҷадвали 10А, Ҷадвали 10Б, Ҷадвали 10В
показатель;Сельское хозяйство;аз он ҷумла: гандум;в том числе: пшеница;;Ҷадвали 10А, Ҷадвали 10Б, Ҷадвали 10В
показатель;Сельское хозяйство;аз он ҷумла: себ;в том числе: яблоки;;Ҷадвали 10
показатель;Сельское хозяйство;ангур;виноград;;Ҷадвали 10, Ҷадвали 10А, Ҷадвали 10Б, Ҷадвали 10В
показатель;Сельское хозяйство;Ангур;Виноград;;Ҷадвали 10, Ҷадвали 10А, Ҷадвали 10Б, Ҷадвали 10В
показатель;Сельское хозяйство;Ангур дар ҷумҳурӣ ҳамагӣ;Виноград в республике всего;;Ҷадвали 11
показатель;Сельское хозяйство;ВМКБ;ВМКБ;;Ҷадвали 11
показатель;Сельское хозяйство;сабзӣ;зелень;;Ҷадвали 10, Ҷадвали 10А, Ҷадвали 10Б, Ҷадвали 10В
показатель;Сельское хозяйство;Замини шудгор;Земли пашни;;Ҷадвали 10А, Ҷадвали 10Б, Ҷадвали 10В
показатель;Сельское хозяйство;Ғалладона;зерновые;;Ҷадвали 10
показатель;Сельское хозяйство;ғалладона;зерновые;;Ҷадвали 10, Ҷадвали 10А, Ҷадвали 10Б, Ҷадвали 10В
показатель;Сельское хозяйство;Ғалладона дар ҷумҳурӣ ҳамагӣ;Зерновые в республике всего;;Ҷадвали 11
показатель;Сельское хозяйство;аз он обӣ;из воды;;Ҷадвали 10
показатель;Сельское хозяйство;картошка;картофель;;Ҷадвали 10, Ҷадвали 10А, Ҷадвали 10Б, Ҷадвали 10В
показатель;Сельское хозяйство;Картошка;картофель;;Ҷадвали 10, Ҷадвали 10А, Ҷадвали 10Б, Ҷадвали 10В
показатель;Сельское хозяйство;Картошка дар ҷумҳурӣ ҳамагӣ;Картофель в республике всего;;Ҷадвали 11
показатель;Сельское хозяйство;Шумораи хоҷагиҳои деҳқонӣ (фермерӣ);Количество фермерских хозяйств;;Ҷадвали 33
показатель;Сельское хозяйство;Полезии хӯрокворӣ;кормовые корнеплоды;;Ҷадвали 10
показатель;Сельское хозяйство;зироатҳои хӯроки чорво;кормовые культуры;;Ҷадвали 10А, Ҷадвали 10Б, Ҷадвали 10В
показатель;Сельское хозяйство;донакдор;косточковые;;Ҷадвали 10, Ҷадвали 10А, Ҷадвали 10Б, Ҷадвали 10В
показатель;Сельское хозяйство;ҳайвони калони шохдор;крупный рогатый скот;;Ҷадвали 10, Ҷадвали 10А, Ҷадвали 10Б, Ҷадвали 10В
показатель;Сельское хозяйство;Асп;Лошади;;Ҷадвали 10, Ҷадвали 10А, Ҷадвали 10Б, Ҷадвали 10В
показатель;Сельское хозяйство;Асал;Мед;;Ҷадвали 10, Ҷадвали 10А, Ҷадвали 10Б, Ҷадвали 10В
показатель;Сельское хозяйство;Асал дар ҷумҳурӣ ҳамагӣ;Мед в республике всего;;Ҷадвали 11
показатель;Сельское хозяйство;Шир;Молоко;;Ҷадвали 10, Ҷадвали 10А, Ҷадвали 10Б, Ҷадвали 10В
показатель;Сельское хозяйство;Шир дар ҷумҳурӣ ҳамагӣ;Молоко в республике всего;;Ҷадвали 11
показатель;Сельское хозяйство;полизӣ;морковь;;Ҷадвали 10, Ҷадвали 10А, Ҷадвали 10Б, Ҷадвали 10В
показатель;Сельское хозяйство;Гушт бо вазни зинда дар ҷумҳурӣ ҳамагӣ;Мясо с живым весом в республике всего;;Ҷадвали 11
показатель;Сельское хозяйство;Гӯшти чорво ва парранда бо вазни зинда;Мясо скота и птицы в живом весе;;Ҷадвали 10, Ҷадвали 10А, Ҷадвали 10Б, Ҷадвали 10В
показатель;Сельское хозяйство;Заминҳои нави аз худашаванда (гектар);Новые орошаемые земли (гектар);;Ҷадвали 9
показатель;Сельское хозяйство;Майдони умумии кишоварзӣ аз рӯи ҳамаи шаклҳои хоҷагидорӣ- га;Общая площадь сельскохозяйственных земель по всем формам хозяйствования - га;;Ҷадвали 10
показатель;Сельское хозяйство;Саршумори чорво ва парранда - сар;Общий поголовье скота и птицы - голов;;Ҷадвали 10
показатель;Сельское хозяйство;Саршумори чорво ва парранда (сар);Общий поголовье скота и птицы (голов);;Ҷадвали 10А, Ҷадвали 10Б, Ҷадвали 10В
показатель;Сельское хозяйство;мевагӣ;овощеводство;;Ҷадвали 10А, Ҷадвали 10Б, Ҷадвали 10В
показатель;Сельское хозяйство;сабзавот;овощи;;Ҷадвали 10, Ҷадвали 10А, Ҷадвали 10Б, Ҷадвали 10В
показатель;Сельское хозяйство;Сабзавот;овощи;;Ҷадвали 10, Ҷадвали 10А, Ҷадвали 10Б, Ҷадвали 10В
показатель;Сельское хозяйство;Сабзавот дар ҷумҳурӣ ҳамагӣ;Овощи в республике всего;;Ҷадвали 11
показатель;Сельское хозяйство;Бузу гӯсфанд;Овцы;;Ҷадвали 10А, Ҷадвали 10Б, Ҷадвали 10В
показатель;Сельское хозяйство;бузу гӯсфанд;овцы и козы;;Ҷадвали 10
показатель;Сельское хозяйство;полезӣ;плодоводство;;Ҷадвали 10А, Ҷадвали 10Б, Ҷадвали 10В
показатель;Сельское хозяйство;майдони ангур;площадь виноградников;;Ҷадвали 10А, Ҷадвали 10Б, Ҷадвали 10В
показатель;Сельское хозяйство;Майдони ангур;Площадь виноградников;;Ҷадвали 10
показатель;Сельское хозяйство;Майдони боғҳои мевадиҳанда;Площадь плодово-ягодных садов;;Ҷадвали 10
показатель;Сельское хозяйство;майдони боғҳои мевадиҳанда-ҳазор га);площадь плодово-ягодных садов - тыс. га;;Ҷадвали 10А, Ҷадвали 10Б, Ҷадвали 10В
показатель;Сельское хозяйство;Полезӣ дар ҷумҳурӣ ҳамагӣ;Полезность в республике всего;;Ҷадвали 11
показатель;Сельское хозяйство;Истеҳсоли маҳсулоти чорводорӣ - тонна;Производство продукции животноводства - тонна;;Ҷадвали 10
показатель;Сельское хозяйство;Истеҳсоли маҳсулоти чорводорӣ (тонна);Производство продукции животноводства (тонн);;Ҷадвали 10А, Ҷадвали 10Б, Ҷадвали 10В
показатель;Сельское хозяйство;Истеҳсоли маҳсулоти зироатҳои кишоварзӣ (тонна);Производство сельскохозяйственной продукции (тонна);;Ҷадвали 10, Ҷадвали 10А, Ҷадвали 10Б, Ҷадвали 10В
показатель;Сельское хозяйство;парранда;птица;;Ҷадвали 10
показатель;Сельское хозяйство;Парранда;Птица;;Ҷадвали 10А, Ҷадвали 10Б, Ҷадвали 10В
показатель;Сельское хозяйство;Полизӣ;Пшеница;;Ҷадвали 10, Ҷадвали 10А, Ҷадвали 10Б, Ҷадвали 10В
показатель;Сельское хозяйство;Моҳӣ;Рыба;;Ҷадвали 10, Ҷадвали 10А, Ҷадвали 10Б, Ҷадвали 10В
показатель;Сельское хозяйство;Мазра-ҳамагӣ;Сельскохозяйственные угодья - всего;;Ҷадвали 10
показатель;Сельское хозяйство;вилояти Суғд;Согдийская область;;Ҷадвали 11, Ҷадвали 16
показатель;Сельское хозяйство;ҳосилнокии зироатҳои кишоварзӣ с/га;урожайность сельскохозяйственных культур с/га;;Ҷадвали 10, Ҷадвали 10А, Ҷадвали 10Б
показатель;Сельское хозяйство;Ҳосилнокии зироатҳои кишоварзӣ с/га;Урожайность сельскохозяйственных культур с/га;;Ҷадвали 10В
показатель;Сельское хозяйство;Мевагӣ;фрукты;;Ҷадвали 10, Ҷадвали 10А, Ҷадвали 10Б, Ҷадвали 10В
показатель;Сельское хозяйство;Мева дар ҷумҳурӣ ҳамагӣ;Фрукты в республике всего;;Ҷадвали 11
показатель;Сельское хозяйство;вилояти Хатлон;Хатлонская область;;Ҷадвали 11, Ҷадвали 16
показатель;Сельское хозяйство;пахта;хлопок;;Ҷадвали 10, Ҷадвали 10А, Ҷадвали 10Б, Ҷадвали 10В
показатель;Сельское хозяйство;Пахта;хлопок;;Ҷадвали 10, Ҷадвали 10А, Ҷадвали 10Б, Ҷадвали 10В
показатель;Сельское хозяйство;Пахта дар ҷумҳурӣ ҳамагӣ;Хлопок в республике всего;;Ҷадвали 11
показатель;Сельское хозяйство;Пилла;Шелк;;Ҷадвали 10, Ҷадвали 10А, Ҷадвали 10Б, Ҷадвали 10В
показатель;Сельское хозяйство;Пилла дар ҷумҳурӣ ҳамагӣ;Шелк в республике всего;;Ҷадвали 11
показатель;Сельское хозяйство;Пашм;Шерсть;;Ҷадвали 10А, Ҷадвали 10Б, Ҷадвали 10В
показатель;Сельское хозяйство;Пашм дар ҷумҳурӣ ҳамагӣ;Шерсть в республике всего;;Ҷадвали 11
показатель;Сельское хозяйство;Пашм бо вазни физикӣ;Шерсть по физическому весу;;Ҷадвали 10
показатель;Сельское хозяйство;Тухм -ҳаз дона дар ҷумҳурӣ ҳамагӣ;Яйца - тыс. штук в республике всего;;Ҷадвали 11
показатель;Сельское хозяйство;Тухм – дона;Яйца - штуки;;Ҷадвали 10
показатель;Сельское хозяйство;Тухм – млн. дона;Яйца – млн. штук;;Ҷадвали 10А, Ҷадвали 10Б, Ҷадвали 10В
показатель;Строительство;Конструксияи метали ва масолењи сохтмони (тонна);Металлические конструкции и строительные материалы (тонна);;Ҷадвали 37
показатель;Строительство;сохтмонҳои нотамом;незавершенное строительство;;Ҷадвали 33
показатель;Строительство;Сохтмони шабакаҳои обӣ (км);Строительство водопроводных сетей (км);;Ҷадвали 9
показатель;Торговля и услуги;Профилҳои алюминӣ (ҳаз.дол);Алюминиевые профили (тыс. долларов);;Ҷадвали 39
показатель;Торговля и услуги;бензин тонна/ҳаз.дол;Бензин тонна/тыс. долларов;;Ҷадвали 39
показатель;Торговля и услуги;хизматрасонии маишӣ;бытовые услуги;;Ҷадвали 33
показатель;Торговля и услуги;аз он ҷумла, сайёҳоне, ки тибқи ширкатҳои сайёҳии ватанӣ хизмат расонида шудаанд (млн.сомонӣ);В том числе туристы, обслуженные национальными туристическими компаниями (млн. сомони);;Ҷадвали 32
показатель;Торговля и услуги;аз он ҷумла, сайёҳоне, ки тибқи ширкатҳои сайёҳии ватанӣ хизмат расонида шудаанд (ҳазор нафар);В том числе туристы, обслуженные национальными туристическими компаниями (тыс. человек);;Ҷадвали 32
показатель;Торговля и услуги;аз он: содирот;в том числе: экспорт;;Ҷадвали 18
показатель;Торговля и услуги;Сайёҳии дохилӣ;Внутренний туризм;;Ҷадвали 32
показатель;Торговля и услуги;Газвори нассоҷӣ ва маснуот аз он;Газовые резиновые изделия и продукты из них;;Ҷадвали 19
показатель;Торговля и услуги;сӯзишвории дизелӣ;дизельное топливо;;Ҷадвали 19
показатель;Торговля и услуги;сузишвории дизели тонна/ҳаз.дол;Дизельное топливо тонна/тыс. долларов;;Ҷадвали 39
показатель;Торговля и услуги;Чӯбу тахта ва маснуот аз он;Древесина и изделия из нее;;Ҷадвали 19
показатель;Торговля и услуги;Тандурусти ва хизматрасониҳои иҷтимоӣ;Здравоохранение и социальные услуги;;Ҷадвали 35
показатель;Торговля и услуги;Воридот;Импорт;;Ҷадвали 19
показатель;Торговля и услуги;Гилхок;Керамическая плитка;;Ҷадвали 19
показатель;Торговля и услуги;Китобҳо (китобҳои дарсӣ, илмӣ, адабиётҳои бадеӣ ва кӯдакона, нашри содироти обунавӣ, теъдоди нашри шартии солона 10 варақ ва зиёда) (ҳазор дона);Книги (учебники, научные, художественные и детские, выпуск периодических изданий, годовой тираж 10 страниц и более) (тыс. экз.);;Ҷадвали 30
показатель;Торговля и услуги;Шумораи сайёҳони дохилӣ (ҳазор нафар);Количество внутренних туристов (тыс. человек);;Ҷадвали 32
показатель;Торговля и услуги;Шумораи ширкатҳои сайёҳӣ;Количество туристических компаний;;Ҷадвали 32
показатель;Торговля и услуги;Шумораи сайёҳоне, ки аз қаламрави ҷумҳурӣ берун сафар менамоянд (ҳазор нафар);Количество туристов, выезжающих за пределы республики (тыс. человек);;Ҷадвали 32
показатель;Торговля и услуги;хизматрасонии коммуналӣ;коммунальные услуги;;Ҷадвали 33
показатель;Торговля и услуги;Фарҳангу санъат;Культура и искусство;;Ҷадвали 35
показатель;Торговля и услуги;Хизматрасонии логистикӣ ва нақлиётӣ(ҳазор сомонӣ);Логистические и транспортные услуги (тыс сомони);;Ҷадвали 38
показатель;Торговля и услуги;пиёз;лук;;Ҷадвали 19
показатель;Торговля и услуги;Сузишвории нафти тонна/ҳаз.дол;Мазут тонна/тыс. долларов;;Ҷадвали 39
показатель;Торговля и услуги;мазут тонна/ ҳаз.дол;Мазут тонна/тыс. долларов;;Ҷадвали 39
показатель;Торговля и услуги;Маҳсулоти макаронӣ;Макаронные изделия;;Ҷадвали 19
показатель;Торговля и услуги;Мошинолот ва таҷҳизот;Машины и оборудование;;Ҷадвали 19
показатель;Торговля и услуги;Нуриҳои минералӣ;Минеральные удобрения;;Ҷадвали 19
показатель;Торговля и услуги;МОИ «Суғд»;МОИ «Сугд»;;Ҷадвали 37, Ҷадвали 39
показатель;Торговля и услуги;Шир ва маҳсулоти ширӣ;Молоко и молочные продукты;;Ҷадвали 19
показатель;Торговля и услуги;Гӯшт ва маҳсулоти гӯштӣ;Мясо и мясные продукты;;Ҷадвали 19
показатель;Торговля и услуги;Маҳсулоти нафтӣ;Нефтепродукты;;Ҷадвали 19
показатель;Торговля и услуги;МОИ «Данғара»;ОАО «Данғара»;;Ҷадвали 38, Ҷадвали 39
показатель;Торговля и услуги;МОИ «Ишкошим»;ОАО «Ишкошим»;;Ҷадвали 38, Ҷадвали 39
показатель;Торговля и услуги;МОИ«Кӯлоб»;ОАО «Кӯлоб»;;Ҷадвали 36, Ҷадвали 38, Ҷадвали 39
показатель;Торговля и услуги;МОИ «Панҷ»;ОАО «Панҷ»;;Ҷадвали 38
показатель;Торговля и услуги;Маориф;Образование;;Ҷадвали 35
показатель;Торговля и услуги;Маҳсулоти ҷӯроб;обувная продукция;;Ҷадвали 19
показатель;Торговля и услуги;Пойафзол;Обувь;;Ҷадвали 19
показатель;Торговля и услуги;Шумораи умумии сайёҳони ба қаламрави ҷумҳурӣ воридшаванда (ҳазор нафар);Общее количество туристов, въезжающих на территорию республики (тыс. человек);;Ҷадвали 32
показатель;Торговля и услуги;Ҳаҷми умумии гардиши савдои дохилӣ дар ҳамаи соҳаҳо;Общий объем внутреннего товарооборота во всех секторах;;Ҷадвали 17
показатель;Торговля и услуги;ҳаҷми умумии маблағҳои даромадшуда аз ҳисоби сайёҳони дохилӣ (млн. сомонӣ);Общий объем доходов от внутренних туристов (млн. сомони);;Ҷадвали 32
показатель;Торговля и услуги;ҳаҷми умумии маблағҳои даромад шуда аз ҳисоби сайёҳони ба қаламрави ҷумҳурӣ воридшаванда (млн. сомонӣ);Общий объем доходов от туристов, въезжающих на территорию республики (млн. сомони);;Ҷадвали 32
показатель;Торговля и услуги;Ҳаҷми умумии хизматрасонии пулакӣ дар ҳамаи соҳаҳо;Общий объем платных услуг во всех секторах;;Ҷадвали 17
показатель;Торговля и услуги;Ҳаҷми хизматрасониҳо (млн. сомонӣ);Объем услуг (млн. сомони);;Ҷадвали 36
показатель;Торговля и услуги;Ҳаҷми хизматросонии меҳмонхонаҳо ва тарабхонаҳо;Объем услуг гостиниц и ресторанов;;Ҷадвали 17
показатель;Торговля и услуги;Ҳаҷми содирот млн.доллар;Объем экспорта (млн. долларов);;Ҷадвали 36
показатель;Торговля и услуги;Ҳаљми содирот млн.доллар;Объем экспорта (млн. долларов);;Ҷадвали 36
показатель;Торговля и услуги;Савдои яклухт, чакана ва таъмири автомобилҳо;Оптовая и розничная торговля, ремонт автомобилей;;Ҷадвали 35
показатель;Торговля и услуги;Меҳмонхонаҳо ва тарабхонаҳо;Отели и рестораны;;Ҷадвали 35
показатель;Торговля и услуги;Аллюминийи аввалия;Первичный алюминий;;Ҷадвали 19
показатель;Торговля и услуги;Номги молу маҳсулот;Перечень товаров и продукции;;Ҷадвали 39
показатель;Торговля и услуги;Номгӯи молу маҳсулот;Перечень товаров и продукции;;Ҷадвали 39
показатель;Торговля и услуги;Маҳсулоти пластикӣ (ҳаз.дол);Пластмассовые изделия (тыс. долларов);;Ҷадвали 39
показатель;Торговля и услуги;Аз ҳисоби рухсатномаҳо, хизматрасонии нақлиётӣ, бехатарӣ, суғуртавӣ ва ғайра (сомонӣ);По лицензиям, транспортные услуги, безопасность, страхование и др. (сомони);;Ҷадвали 38
показатель;Торговля и услуги;Зичкунак барои профил (ҳаз.дол);Покрытие для профилей (тыс. долларов);;Ҷадвали 39
показатель;Торговля и услуги;Гази табии;Природный газ;;Ҷадвали 19
показатель;Торговля и услуги;Саноат ва энергетика;Промышленность и энергетика;;Ҷадвали 35
показатель;Торговля и услуги;Дигар махсулот;Прочая продукция;;Ҷадвали 19
показатель;Торговля и услуги;Дигар намуди мањсулот;Прочие виды продукции;;Ҷадвали 37, Ҷадвали 39
показатель;Торговля и услуги;Дигар намуди маҳсулот;Прочие виды продукции;;Ҷадвали 37, Ҷадвали 39
показатель;Торговля и услуги;Дигар намуди хизматрасонӣ;Прочие виды услуг;;Ҷадвали 38
показатель;Торговля и услуги;Дигар хизматрасониҳо;Прочие услуги;;Ҷадвали 35
показатель;Торговля и услуги;Гандум;Пшеница;;Ҷадвали 19
показатель;Торговля и услуги;гардиши савдои чакана;розничный товарооборот;;Ҷадвали 17
показатель;Торговля и услуги;Маъданҳо ва консентратҳо;Руды и концентраты;;Ҷадвали 19
показатель;Торговля и услуги;Тарози савдои хориҷӣ;Сальдо внешней торговли;;Ҷадвали 18
показатель;Торговля и услуги;Шакар;Сахар;;Ҷадвали 19
показатель;Торговля и услуги;қанд ва маҳсулоти қаннодӣ;Сахар и сахарные изделия;;Ҷадвали 19
показатель;Торговля и услуги;Алоқа, радио, телевизион ва информатика;Связь, радио, телевидение и информатика;;Ҷадвали 35
показатель;Торговля и услуги;Кишоварзӣ(аз ҷумла: хоҷагии ҷангал, шикор ва моҳидорӣ);Сельское хозяйство (в том числе: лесное хозяйство, охота и рыбоводство);;Ҷадвали 35
показатель;Торговля и услуги;Гази моеъ;Сжиженный газ;;Ҷадвали 19
показатель;Торговля и услуги;Тарифҳои миёнаи қувваи барқ – дирам ба 1 кВт. Соат;Средние тарифы на электроэнергию - дирам за 1 кВт·ч;;Ҷадвали 34
показатель;Торговля и услуги;Маҳсулоти сохтмонии рангубор (ҳаз.дол);Строительные краски (тыс. долларов);;Ҷадвали 39
показатель;Торговля и услуги;Сохтмон;Строительство;;Ҷадвали 35
показатель;Торговля и услуги;Тарифҳои таъминоти оби нушокӣ ва системаи фозилоб дар ш. Душанбе барои 1 м3 ба ҳисоби сомонӣ;Тарифы на питьевую воду и канализацию в г. Душанбе за 1 м3 в сомони;;Ҷадвали 34
показатель;Торговля и услуги;Маҳсулоти бофандагӣ;текстильная продукция;;Ҷадвали 19
показатель;Торговля и услуги;Алоқаи телефонӣ-дирам ба 1 дақиқа;Телефонная связь - дирам за 1 минуту;;Ҷадвали 34
показатель;Торговля и услуги;Гардиши савдои хориҷӣ;Товарооборот;;Ҷадвали 18, Ҷадвали 19
показатель;Торговля и услуги;савдо;торговля;;Ҷадвали 33
показатель;Торговля и услуги;Нақлиёт ва роҳҳо;Транспорт и связь;;Ҷадвали 35
показатель;Торговля и услуги;Воситаҳои нақлиёт;Транспортные средства;;Ҷадвали 19
показатель;Торговля и услуги;Равѓани растанӣ ва чорво;Удобрения растительного и животного происхождения;;Ҷадвали 19
показатель;Торговля и услуги;Хизматрасони барои ворид шудан ба ҳудуди МОИ (ҳаз.сом);Услуги по въезду на территорию ОАО (тыс сомони);;Ҷадвали 38
показатель;Торговля и услуги;Фаъоляти молиявӣ, бонкӣ, амалиёт бо амволи ғайриманқул ва идора;Финансовая деятельность, банковское дело, операции с недвижимостью и управление;;Ҷадвали 35
показатель;Торговля и услуги;Маҳсулоти меваю сабзавот;Фрукты и овощи;;Ҷадвали 19
показатель;Торговля и услуги;х;х;;Ҷадвали 34
показатель;Торговля и услуги;Матоъҳои пахтагин;хлопчатобумажные ткани;;Ҷадвали 19
показатель;Торговля и услуги;Чой;Чай;;Ҷадвали 19
показатель;Торговля и услуги;Муассисаи таълимии ғайридавлатии Коллеҷи техникии шаҳри Хуҷанд (ҳаз.сом);Частное образовательное учреждение Колледж техники г. Худжанда (тыс сомони);;Ҷадвали 38
показатель;Торговля и услуги;Содирот;Экспорт;;Ҷадвали 19
показатель;Торговля и услуги;Ноқилҳои барқӣ (ҳаз.дол);Электрические лампы (тыс. долларов);;Ҷадвали 39
показатель;Торговля и услуги;савдои электронӣ;электронная торговля;;Ҷадвали 17
показатель;Торговля и услуги;хизматрасонии электронӣ;электронные услуги;;Ҷадвали 17
показатель;Торговля и услуги;Нерӯи барқ;электроэнергия;;Ҷадвали 19
показатель;Транспорт и связь;бо нақлиёти автомобилӣ – ҳамагӣ;автомобильным транспортом – всего;;Ҷадвали 15
показатель;Транспорт и связь;бо нақлиёти автомобилӣ ҳамагӣ;автомобильным транспортом всего;;Ҷадвали 15
показатель;Транспорт и связь;аз он - мусофиркашонии байналхалқӣ;в том числе международные пассажирские перевозки;;Ҷадвали 15
показатель;Транспорт и связь;аз он - боркашонии байналхалқӣ;в том числе международные перевозки;;Ҷадвали 15
показатель;Транспорт и связь;аз он - мусофиргардиши байналхалқӣ;в том числе международный пассажирооборот;;Ҷадвали 15
показатель;Транспорт и связь;бо нақлиёти ҳавоӣ;воздушным транспортом;;Ҷадвали 15
показатель;Транспорт и связь;Гардиши бор – ҳамагӣ (млн.т/км);Грузооборот – всего (млн.т/км);;Ҷадвали 15
показатель;Транспорт и связь;Даромад аз фаъолияти асосии соҳаи алоқа (млн. сомонӣ);Доход от основной деятельности сферы связи (млн сомони);;Ҷадвали 28
показатель;Транспорт и связь;бо нақлиёти роҳи оҳан;железнодорожным транспортом;;Ҷадвали 15
показатель;Транспорт и связь;Шумораи истифодабарандагони алоқаи сотӣ (ҳаз. мушт);Количество абонентов сотовой связи (тыс абонентов);;Ҷадвали 28
показатель;Транспорт и связь;Шумораи дастгоҳҳои телефоҳҳои асосӣ (ҳаз. адад);Количество основных телефонных аппаратов (тыс единиц);;Ҷадвали 28
показатель;Транспорт и связь;Шумораи истифодабарандагони шабакаи «Интернет» (ҳаз. муштарӣ);Количество пользователей сети «Интернет» (тыс пользователей);;Ҷадвали 28
показатель;Транспорт и связь;Шумораи истгоҳҳои телефонӣ (адад);Количество телефонных станций (единиц);;Ҷадвали 28
показатель;Транспорт и связь;Ҳаҷми боркашонӣ –ҳамагӣ (млн. тонна);Объем перевозок грузов – всего (млн. тонн);;Ҷадвали 15
показатель;Транспорт и связь;Ҳами хизматрасонии алоқа ба аҳолӣ (ҳазор сомонӣ);Объем услуг связи, предоставляемых населению (тыс сомони);;Ҷадвали 28
показатель;Транспорт и связь;Гардиши мусофирон - ҳамагӣ (млн. мусс/км);Пассажирооборот – всего (млн. пасс/км);;Ҷадвали 15
показатель;Транспорт и связь;Мусофиркашонӣ – ҳамагӣ (ҳазор мусофир);Пассажирские перевозки – всего (тыс. пассажиров);;Ҷадвали 15
показатель;Транспорт и связь;Фарогирии Интернет дар ҷумҳурӣ (бо фоиз);Покрытие Интернетом в республике (в процентах);;Ҷадвали 28
показатель;Транспорт и связь;Ғунҷоиши истгоҳҳои телефонӣ (ҳаз. рақам);Пропускная способность телефонных станций (тыс номеров);;Ҷадвали 28
показатель;Транспорт и связь;Дарозии каналҳои телефонии байнишаҳрӣ (ҳаз. канал/км);Протяженность междугородных телефонных каналов (тыс канал/км);;Ҷадвали 28
показатель;Транспорт и связь;нақлиёт;транспорт;;Ҷадвали 33
показатель;Транспорт и связь;бо нақлиёти барқӣ -троллейбусҳо;электрическим транспортом - троллейбусами;;Ҷадвали 15
показатель;Транспорт и связь;бо нақлиёти баркӣ -троллейбусҳо;электрическим транспортом - троллейбусами;;Ҷадвали 15
показатель;Финансы, инвестиции, налоги;Беморхонаҳо (кат);Больницы (кроватей);;Ҷадвали 12
показатель;Финансы, инвестиции, налоги;буҷети давлатӣ;государственный бюджет;;Ҷадвали 12
показатель;Финансы, инвестиции, налоги;грантҳо;гранты;;Ҷадвали 12
показатель;Финансы, инвестиции, налоги;Муассисаҳои томактабӣ (чой );Дошкольные учреждения (единиц);;Ҷадвали 12
показатель;Финансы, инвестиции, налоги;манбаъҳои дигар;другие источники;;Ҷадвали 12
показатель;Финансы, инвестиции, налоги;Хонаҳои истикоматӣ(ҳазор метри мураббаъ);Жилые дома (тыс. квадратных метров);;Ҷадвали 12
показатель;Финансы, инвестиции, налоги;Маблағгузорӣ ба сармояи асосӣ аз ҳисоби ҳамаи манбаъҳои маблағгузорӣ(млн. сомонӣ);Инвестиции в основной капитал из всех источников финансирования (млн сомони);;Ҷадвали 12
показатель;Финансы, инвестиции, налоги;сармояи хориҷӣ;иностранный капитал;;Ҷадвали 12
показатель;Финансы, инвестиции, налоги;Ба истифода додани фондҳои асосӣ аз ҳисоби ҳамаи манбаҳои маблағгузорӣ(млн. сомонӣ);Использование основных фондов из всех источников финансирования (млн сомони);;Ҷадвали 12
показатель;Финансы, инвестиции, налоги;қарзҳо;кредиты;;Ҷадвали 12
показатель;Финансы, инвестиции, налоги;Муассисаҳои таълимоти умумӣ(чой );Общеобразовательные учреждения (единиц);;Ҷадвали 12
показатель;Финансы, инвестиции, налоги;Даромади умумӣ аз хусусигардони (млн.сомонӣ);Общий доход от частной деятельности (млн сомони);;Ҷадвали 33
показатель;Финансы, инвестиции, налоги;Ҳаҷми умумии сармояи хориҷӣ(қарз, грант, мус.) (млн. доллар);Общий объем иностранного капитала (кредит, грант, и т.д.) (млн долларов);;Ҷадвали 12
показатель;Финансы, инвестиции, налоги;Хаҷми сармоягузории субъектҳо (млн. сомонӣ);Объем инвестиций субъектов (млн сомони);;Ҷадвали 36
показатель;Финансы, инвестиции, налоги;Хаҷми сармоягузории субъектҳо (млн.сомонӣ);Объем инвестиций субъектов (млн. сомони);;Ҷадвали 36
показатель;Финансы, инвестиции, налоги;Дармонгоҳҳо (кабул дар як баст);Поликлиники (приемов в смену);;Ҷадвали 12
показатель;Финансы, инвестиции, налоги;сармояи мустақим;прямые инвестиции;;Ҷадвали 12
показатель;Финансы, инвестиции, налоги;Маблағгузории КИТ (корҳои илми татқиқотӣ) – ҳамагӣ(ҳазор сомонї);Финансирование НИР (научно-исследовательские работы) – всего (тыс. сомони);;Ҷадвали 21
показатель;Энергетика;Силсилаи НБО-и Варзоб млн. кВт/с;Варзобский каскад ГЭС млн кВт·ч;;Ҷадвали 6
показатель;Энергетика;Силсилаи НБО-и Вахш млн. кВт/с;Вахшский каскад ГЭС млн кВт·ч;;Ҷадвали 6
показатель;Энергетика;Заминҳои барқароршаванда (гектар);Восстановленные земли (гектар);;Ҷадвали 9
показатель;Энергетика;НБО-и Бойғозӣ млн. кВт/с;ГЭС Бойгозий млн кВт·ч;;Ҷадвали 6
показатель;Энергетика;НБО-и Қайроқум млн. кВт/с;ГЭС Кайраккум млн кВт·ч;;Ҷадвали 6
показатель;Энергетика;млн.сомонӣ;млн сомони;;Ҷадвали 6
показатель;Энергетика;НБО-и Норак млн. кВт/с;Нурекская ГЭС млн кВт·ч;;Ҷадвали 6
показатель;Энергетика;Ширкати «Помир Энерҷӣ» млн. кВт/с;ОАО «Помир Энерджи» млн кВт·ч;;Ҷадвали 6
показатель;Энергетика;ҷСК НБО «Сангтӯда-1» млн. кВт/с;ОАО НБО «Сангтуда-1» млн кВт·ч;;Ҷадвали 6
показатель;Энергетика;ҷСК НБО «Сангтӯда-2» млн. кВт/с.;ОАО НБО «Сангтуда-2» млн кВт·ч;;Ҷадвали 6
показатель;Энергетика;Истеҳсоли кувваи гармӣ –ҳамагӣ ҳаз. Гкал;Производство тепловой энергии – всего тыс. Гкал;;Ҷадвали 6
показатель;Энергетика;Истеҳсоли нерӯи барқ – млн. кВт/с ҳамагӣ;Производство электроэнергии – млн кВт·ч всего;;Ҷадвали 6
показатель;Энергетика;Истеҳсоли нерӯи барқ ҳамагӣ, бе НБО-ҳои хурд млн. кВт/с;Производство электроэнергии всего, без малых ГЭС млн кВт·ч;;Ҷадвали 6
показатель;Энергетика;НБО-и Роғун млн. кВт/с;Рогунская ГЭС млн кВт·ч;;Ҷадвали 6
показатель;Энергетика;Марказҳои барқу гармдиҳӣ-ҳамагӣ млн. кВт/с;ТЭЦ – всего млн кВт·ч;;Ҷадвали 6
показатель;Энергетика;МБГ-1 ш. Душанбе млн. кВт/с;ТЭЦ-1 г. Душанбе млн кВт·ч;;Ҷадвали 6
показатель;Энергетика;МБГ-1 ш. Душанбе, ҳазор Гкал.;ТЭЦ-1 г. Душанбе тыс. Гкал;;Ҷадвали 6
показатель;Энергетика;МБГ-2 ш. Душанбе.млн. кВт/с;ТЭЦ-2 г. Душанбе млн кВт·ч;;Ҷадвали 6
показатель;Энергетика;МБГ-2 ш. Душанбе ҳазор Гкал;ТЭЦ-2 г. Душанбе тыс. Гкал;;Ҷадвали 6
показатель;Энергетика;Ноқилҳои барқӣ (тонна);Электроды (тонна);;Ҷадвали 37
показатель;Энергетика: нефть и газ;Истихроҷи нафт (якҷоя бо конденсати газӣ) - ҳамагӣ, тонна;Добыча нефти (вместе с газовым конденсатом) – всего тонн;;Ҷадвали 7
показатель;Энергетика: нефть и газ;Истихроҷи гази табиӣ –ҳамагӣ ҳаз.м3, аз ҷумла;Добыча природного газа – всего тыс.м3, в том числе;;Ҷадвали 7
показатель;Энергетика: нефть и газ;ҶСК «Нафту газ»;ОАО «Нефть и газ»;;Ҷадвали 7
показатель;Энергетика: нефть и газ;ҶСК «Суғднафтугаз»;ОАО «Суғднафтугаз»;;Ҷадвали 7
показатель;Энергетика: нефть и газ;ҶДММ «Азизӣ-1»;ООО «Азизӣ-1»;;Ҷадвали 7
показатель;Энергетика: нефть и газ;ҶДММ «Петролеум – Суғд»;ООО «Петролеум – Суғд»;;Ҷадвали 7
показатель;Энергетика: нефть и газ;ҶДММ «Петролеум - Суғд»;ООО «Петролеум-Сугд»;;Ҷадвали 7
показатель;Энергетика: нефть и газ;ҶДММ «Салоса»;ООО «Салоса»;;Ҷадвали 7
показатель;Энергетика: нефть и газ;ҶДММ «Сетос»;ООО «Сетос»;;Ҷадвали 7
показатель;Энергетика: нефть и газ;Коркарди нафт (тонна);Переработка нефти (тонна);;Ҷадвали 37
показатель;Энергетика: нефть и газ;ҶСП «Суғднафтугаз»;Предприятие «Суғднафтугаз»;;Ҷадвали 7
показатель;Энергетика: нефть и газ;ҶСП «Ҳасан ва К»;Предприятие «Ҳасан ва К»;;Ҷадвали 7